{"adapter": "hi", "num_seeds": 3, "f1": 60.4812659813227}
{"adapter": "cs", "num_seeds": 3, "f1": 60.01728358595742}
{"adapter": "ka", "num_seeds": 3, "f1": 59.98221840148619}
{"adapter": "zh", "num_seeds": 3, "f1": 59.79318137413977}
{"adapter": "en", "num_seeds": 3, "f1": 59.78644902532492}
{"adapter": "hu", "num_seeds": 3, "f1": 59.283049021180595}
{"adapter": "pt", "num_seeds": 3, "f1": 59.21876265242864}
{"adapter": "tr", "num_seeds": 3, "f1": 59.11944967243684}
{"adapter": "my", "num_seeds": 3, "f1": 59.06364964420408}
{"adapter": "la", "num_seeds": 3, "f1": 58.82580975591693}
{"adapter": "ru", "num_seeds": 3, "f1": 58.66283656382931}
{"adapter": "bn", "num_seeds": 3, "f1": 58.64695352934374}
{"adapter": "hy", "num_seeds": 3, "f1": 58.557600390522715}
{"adapter": "ar", "num_seeds": 3, "f1": 58.536089909241916}
{"adapter": "de", "num_seeds": 3, "f1": 58.03712528525034}
{"adapter": "zh_yue", "num_seeds": 3, "f1": 58.03607241275764}
{"adapter": "ko", "num_seeds": 3, "f1": 58.01480055768281}
{"adapter": "lv", "num_seeds": 3, "f1": 57.82746227830978}
{"adapter": "el", "num_seeds": 3, "f1": 57.72476327661176}
{"adapter": "fa", "num_seeds": 3, "f1": 57.711469460332104}
{"adapter": "jv", "num_seeds": 3, "f1": 57.64612457743859}
{"adapter": "am", "num_seeds": 3, "f1": 57.59463831882639}
{"adapter": "id", "num_seeds": 3, "f1": 57.38488342574923}
{"adapter": "fr", "num_seeds": 3, "f1": 57.317405713655724}
{"adapter": "eu", "num_seeds": 3, "f1": 57.3065295104851}
{"adapter": "es", "num_seeds": 3, "f1": 57.280183114225224}
{"adapter": "et", "num_seeds": 3, "f1": 57.275831277644386}
{"adapter": "fi", "num_seeds": 3, "f1": 57.16419100293539}
{"adapter": "bxr", "num_seeds": 3, "f1": 56.8725585705074}
{"adapter": "ja", "num_seeds": 3, "f1": 56.52229414164194}
{"adapter": "vi", "num_seeds": 3, "f1": 56.37883117451128}
{"adapter": "mi", "num_seeds": 3, "f1": 56.17757532302371}
{"adapter": "is", "num_seeds": 3, "f1": 56.019980003640335}
{"adapter": "se", "num_seeds": 3, "f1": 55.80861918329365}
{"adapter": "bh", "num_seeds": 3, "f1": 55.48061341054561}
{"adapter": "ht", "num_seeds": 3, "f1": 54.86706041073916}
{"adapter": "sw", "num_seeds": 3, "f1": 54.69546011234811}
{"adapter": "ilo", "num_seeds": 3, "f1": 54.66713467886137}
{"adapter": "cdo", "num_seeds": 3, "f1": 54.36801753092914}
{"adapter": "qu", "num_seeds": 3, "f1": 54.26987649911711}
{"adapter": "myv", "num_seeds": 3, "f1": 54.22374101157353}
{"adapter": "mhr", "num_seeds": 3, "f1": 53.976500890709154}
{"adapter": "kv", "num_seeds": 3, "f1": 53.83195420970767}
{"adapter": "gn", "num_seeds": 3, "f1": 53.65328713634555}
{"adapter": "xmf", "num_seeds": 3, "f1": 53.64416648700268}
{"adapter": "tk", "num_seeds": 3, "f1": 52.68072767018021}
{"adapter": "wo", "num_seeds": 3, "f1": 49.98479394660262}
