{"adapter": "ka", "num_seeds": 1, "f1": 62.5875789432521}
{"adapter": "en", "num_seeds": 1, "f1": 62.23194918886623}
{"adapter": "hu", "num_seeds": 1, "f1": 61.57343361325982}
{"adapter": "tr", "num_seeds": 1, "f1": 61.5014788080937}
{"adapter": "pt", "num_seeds": 1, "f1": 61.44997827820753}
{"adapter": "cs", "num_seeds": 1, "f1": 61.13842072409488}
{"adapter": "hi", "num_seeds": 1, "f1": 60.942409742232414}
{"adapter": "la", "num_seeds": 1, "f1": 60.51300084002422}
{"adapter": "ar", "num_seeds": 1, "f1": 60.1599520274278}
{"adapter": "my", "num_seeds": 1, "f1": 60.14083588707047}
{"adapter": "hy", "num_seeds": 1, "f1": 60.11801412514197}
{"adapter": "bn", "num_seeds": 1, "f1": 59.897742242627395}
{"adapter": "fa", "num_seeds": 1, "f1": 59.8560664228732}
{"adapter": "id", "num_seeds": 1, "f1": 59.70867769942792}
{"adapter": "zh", "num_seeds": 1, "f1": 59.65786153655077}
{"adapter": "lv", "num_seeds": 1, "f1": 59.652064556696715}
{"adapter": "am", "num_seeds": 1, "f1": 59.53112939729719}
{"adapter": "zh_yue", "num_seeds": 1, "f1": 59.42244793122955}
{"adapter": "fr", "num_seeds": 1, "f1": 59.353828079107096}
{"adapter": "ru", "num_seeds": 1, "f1": 59.29556056397085}
{"adapter": "eu", "num_seeds": 1, "f1": 59.25486952727651}
{"adapter": "et", "num_seeds": 1, "f1": 59.00727372448647}
{"adapter": "jv", "num_seeds": 1, "f1": 58.744024195908814}
{"adapter": "vi", "num_seeds": 1, "f1": 58.689176416908396}
{"adapter": "bxr", "num_seeds": 1, "f1": 58.61820657510572}
{"adapter": "fi", "num_seeds": 1, "f1": 58.37001221899594}
{"adapter": "bh", "num_seeds": 1, "f1": 57.99408985775035}
{"adapter": "de", "num_seeds": 1, "f1": 57.66002854262409}
{"adapter": "se", "num_seeds": 1, "f1": 57.63838363976011}
{"adapter": "kv", "num_seeds": 1, "f1": 57.57974050987078}
{"adapter": "ko", "num_seeds": 1, "f1": 57.41949564492768}
{"adapter": "es", "num_seeds": 1, "f1": 57.18282535681528}
{"adapter": "mi", "num_seeds": 1, "f1": 57.12636061228373}
{"adapter": "ja", "num_seeds": 1, "f1": 57.125137726052166}
{"adapter": "is", "num_seeds": 1, "f1": 56.83827180930309}
{"adapter": "el", "num_seeds": 1, "f1": 56.554698559276076}
{"adapter": "qu", "num_seeds": 1, "f1": 56.1931893467603}
{"adapter": "ilo", "num_seeds": 1, "f1": 56.155778066353335}
{"adapter": "mhr", "num_seeds": 1, "f1": 55.48917691953418}
{"adapter": "myv", "num_seeds": 1, "f1": 55.39881344759393}
{"adapter": "xmf", "num_seeds": 1, "f1": 54.15064852852933}
{"adapter": "cdo", "num_seeds": 1, "f1": 53.996241469123994}
{"adapter": "sw", "num_seeds": 1, "f1": 53.796046571729605}
{"adapter": "wo", "num_seeds": 1, "f1": 53.42627161278366}
{"adapter": "ht", "num_seeds": 1, "f1": 53.319645430675365}
{"adapter": "gn", "num_seeds": 1, "f1": 51.916034658715716}
{"adapter": "tk", "num_seeds": 1, "f1": 50.0996383496937}
