{"adapter": "hi", "num_seeds": 1, "f1": 60.88655225309086}
{"adapter": "zh", "num_seeds": 1, "f1": 60.26711948535416}
{"adapter": "cs", "num_seeds": 1, "f1": 59.95289969476898}
{"adapter": "my", "num_seeds": 1, "f1": 59.69902409251105}
{"adapter": "tr", "num_seeds": 1, "f1": 59.38927373270675}
{"adapter": "ka", "num_seeds": 1, "f1": 59.32817083806856}
{"adapter": "de", "num_seeds": 1, "f1": 59.23383815848185}
{"adapter": "ru", "num_seeds": 1, "f1": 59.173975651263255}
{"adapter": "en", "num_seeds": 1, "f1": 59.01978346197413}
{"adapter": "jv", "num_seeds": 1, "f1": 58.9656513969575}
{"adapter": "el", "num_seeds": 1, "f1": 58.89655445074822}
{"adapter": "pt", "num_seeds": 1, "f1": 58.850372162752166}
{"adapter": "bn", "num_seeds": 1, "f1": 58.825937935452345}
{"adapter": "hu", "num_seeds": 1, "f1": 58.762580432271896}
{"adapter": "la", "num_seeds": 1, "f1": 58.600340607548816}
{"adapter": "zh_yue", "num_seeds": 1, "f1": 58.552886924144644}
{"adapter": "fi", "num_seeds": 1, "f1": 58.206675878117956}
{"adapter": "et", "num_seeds": 1, "f1": 58.02181607652732}
{"adapter": "fa", "num_seeds": 1, "f1": 57.664657230671814}
{"adapter": "es", "num_seeds": 1, "f1": 57.57679630850362}
{"adapter": "ar", "num_seeds": 1, "f1": 57.52249244742947}
{"adapter": "hy", "num_seeds": 1, "f1": 57.488162643621074}
{"adapter": "ht", "num_seeds": 1, "f1": 57.29863692688971}
{"adapter": "ko", "num_seeds": 1, "f1": 57.16905580220202}
{"adapter": "lv", "num_seeds": 1, "f1": 57.168798462456095}
{"adapter": "fr", "num_seeds": 1, "f1": 57.07131608252449}
{"adapter": "ja", "num_seeds": 1, "f1": 57.01662443114726}
{"adapter": "am", "num_seeds": 1, "f1": 56.9775004977766}
{"adapter": "eu", "num_seeds": 1, "f1": 56.772810858722835}
{"adapter": "id", "num_seeds": 1, "f1": 56.760633200039656}
{"adapter": "sw", "num_seeds": 1, "f1": 56.7408043887769}
{"adapter": "mhr", "num_seeds": 1, "f1": 56.39914094813873}
{"adapter": "is", "num_seeds": 1, "f1": 56.317584345925894}
{"adapter": "vi", "num_seeds": 1, "f1": 56.07396570585057}
{"adapter": "mi", "num_seeds": 1, "f1": 55.84093777463542}
{"adapter": "bxr", "num_seeds": 1, "f1": 55.07724873360004}
{"adapter": "tk", "num_seeds": 1, "f1": 54.99630248965697}
{"adapter": "bh", "num_seeds": 1, "f1": 53.933091024858726}
{"adapter": "gn", "num_seeds": 1, "f1": 53.56169664101236}
{"adapter": "ilo", "num_seeds": 1, "f1": 53.50812654671928}
{"adapter": "se", "num_seeds": 1, "f1": 53.38285311129304}
{"adapter": "cdo", "num_seeds": 1, "f1": 53.29090158586437}
{"adapter": "myv", "num_seeds": 1, "f1": 53.25146043547531}
{"adapter": "qu", "num_seeds": 1, "f1": 51.68042076094779}
{"adapter": "xmf", "num_seeds": 1, "f1": 51.34126866973523}
{"adapter": "kv", "num_seeds": 1, "f1": 51.20678843511093}
{"adapter": "wo", "num_seeds": 1, "f1": 48.49688640755851}
