{"adapter": "hi", "num_seeds": 1, "f1": 59.614835948644796}
{"adapter": "ko", "num_seeds": 1, "f1": 59.45585022591875}
{"adapter": "zh", "num_seeds": 1, "f1": 59.45456310051438}
{"adapter": "cs", "num_seeds": 1, "f1": 58.96053033900841}
{"adapter": "en", "num_seeds": 1, "f1": 58.1076144251344}
{"adapter": "hy", "num_seeds": 1, "f1": 58.066624402805104}
{"adapter": "ka", "num_seeds": 1, "f1": 58.030905423137945}
{"adapter": "ar", "num_seeds": 1, "f1": 57.92582525286846}
{"adapter": "el", "num_seeds": 1, "f1": 57.723036819811014}
{"adapter": "ru", "num_seeds": 1, "f1": 57.51897347625381}
{"adapter": "hu", "num_seeds": 1, "f1": 57.51313301801005}
{"adapter": "la", "num_seeds": 1, "f1": 57.36408782017774}
{"adapter": "pt", "num_seeds": 1, "f1": 57.355937516326215}
{"adapter": "my", "num_seeds": 1, "f1": 57.3510889530307}
{"adapter": "de", "num_seeds": 1, "f1": 57.217509154645086}
{"adapter": "bn", "num_seeds": 1, "f1": 57.21718040995148}
{"adapter": "es", "num_seeds": 1, "f1": 57.08092767735678}
{"adapter": "bxr", "num_seeds": 1, "f1": 56.922220402816436}
{"adapter": "lv", "num_seeds": 1, "f1": 56.66152381577652}
{"adapter": "tr", "num_seeds": 1, "f1": 56.467596476510074}
{"adapter": "se", "num_seeds": 1, "f1": 56.4046207988278}
{"adapter": "am", "num_seeds": 1, "f1": 56.2752850614054}
{"adapter": "zh_yue", "num_seeds": 1, "f1": 56.13288238289871}
{"adapter": "eu", "num_seeds": 1, "f1": 55.89190814545597}
{"adapter": "cdo", "num_seeds": 1, "f1": 55.816909537799056}
{"adapter": "id", "num_seeds": 1, "f1": 55.68533937778011}
{"adapter": "fa", "num_seeds": 1, "f1": 55.613684727451314}
{"adapter": "mi", "num_seeds": 1, "f1": 55.56542758215196}
{"adapter": "fr", "num_seeds": 1, "f1": 55.5270729793356}
{"adapter": "gn", "num_seeds": 1, "f1": 55.48213010930858}
{"adapter": "xmf", "num_seeds": 1, "f1": 55.44058226274346}
{"adapter": "ja", "num_seeds": 1, "f1": 55.4251202677264}
{"adapter": "jv", "num_seeds": 1, "f1": 55.22869813944944}
{"adapter": "qu", "num_seeds": 1, "f1": 54.93601938964322}
{"adapter": "fi", "num_seeds": 1, "f1": 54.91588491169226}
{"adapter": "is", "num_seeds": 1, "f1": 54.90408385569202}
{"adapter": "et", "num_seeds": 1, "f1": 54.798404031919354}
{"adapter": "bh", "num_seeds": 1, "f1": 54.51465934902774}
{"adapter": "vi", "num_seeds": 1, "f1": 54.37335140077488}
{"adapter": "ilo", "num_seeds": 1, "f1": 54.3374994235115}
{"adapter": "myv", "num_seeds": 1, "f1": 54.020949151651344}
{"adapter": "ht", "num_seeds": 1, "f1": 53.982898874652385}
{"adapter": "sw", "num_seeds": 1, "f1": 53.54952937653782}
{"adapter": "tk", "num_seeds": 1, "f1": 52.946242171189986}
{"adapter": "kv", "num_seeds": 1, "f1": 52.70933368414129}
{"adapter": "mhr", "num_seeds": 1, "f1": 50.041184804454545}
{"adapter": "wo", "num_seeds": 1, "f1": 48.03122381946569}
