{"adapter": "hi", "num_seeds": 3, "f1": 68.82648926386963}
{"adapter": "ka", "num_seeds": 3, "f1": 66.49119430890018}
{"adapter": "de", "num_seeds": 3, "f1": 65.94180131653194}
{"adapter": "ko", "num_seeds": 3, "f1": 65.88758471281115}
{"adapter": "hy", "num_seeds": 3, "f1": 65.81286204787682}
{"adapter": "ru", "num_seeds": 3, "f1": 65.68147439018162}
{"adapter": "fa", "num_seeds": 3, "f1": 65.51890143856112}
{"adapter": "tr", "num_seeds": 3, "f1": 65.4365604403856}
{"adapter": "cs", "num_seeds": 3, "f1": 65.35510515525999}
{"adapter": "zh_yue", "num_seeds": 3, "f1": 65.32827679569799}
{"adapter": "ja", "num_seeds": 3, "f1": 65.32814297410572}
{"adapter": "pt", "num_seeds": 3, "f1": 65.0912465928855}
{"adapter": "en", "num_seeds": 3, "f1": 65.07477307933054}
{"adapter": "bn", "num_seeds": 3, "f1": 64.91080914194934}
{"adapter": "vi", "num_seeds": 3, "f1": 64.8084362284318}
{"adapter": "id", "num_seeds": 3, "f1": 64.7236326129852}
{"adapter": "hu", "num_seeds": 3, "f1": 64.68320180829939}
{"adapter": "jv", "num_seeds": 3, "f1": 64.49423892368509}
{"adapter": "ar", "num_seeds": 3, "f1": 64.32202151112466}
{"adapter": "zh", "num_seeds": 3, "f1": 64.30707377169279}
{"adapter": "eu", "num_seeds": 3, "f1": 64.30098426662754}
{"adapter": "am", "num_seeds": 3, "f1": 64.26158747076187}
{"adapter": "fr", "num_seeds": 3, "f1": 64.17891964391119}
{"adapter": "el", "num_seeds": 3, "f1": 64.09418228232524}
{"adapter": "my", "num_seeds": 3, "f1": 63.95854356661331}
{"adapter": "es", "num_seeds": 3, "f1": 63.50316318477284}
{"adapter": "lv", "num_seeds": 3, "f1": 63.27159379043999}
{"adapter": "la", "num_seeds": 3, "f1": 63.15874395416711}
{"adapter": "mhr", "num_seeds": 3, "f1": 63.036487486871486}
{"adapter": "bh", "num_seeds": 3, "f1": 62.80044263016092}
{"adapter": "fi", "num_seeds": 3, "f1": 62.77617020385072}
{"adapter": "bxr", "num_seeds": 3, "f1": 61.996536377737335}
{"adapter": "myv", "num_seeds": 3, "f1": 61.057358108135425}
{"adapter": "xmf", "num_seeds": 3, "f1": 60.734899366877364}
{"adapter": "is", "num_seeds": 3, "f1": 60.51915906455349}
{"adapter": "et", "num_seeds": 3, "f1": 60.312417587011105}
{"adapter": "ilo", "num_seeds": 3, "f1": 58.729576441642536}
{"adapter": "sw", "num_seeds": 3, "f1": 58.28810807679013}
{"adapter": "mi", "num_seeds": 3, "f1": 57.89554722857477}
{"adapter": "tk", "num_seeds": 3, "f1": 57.846172199771466}
{"adapter": "ht", "num_seeds": 3, "f1": 57.63051068580712}
{"adapter": "qu", "num_seeds": 3, "f1": 57.62232511632448}
{"adapter": "kv", "num_seeds": 3, "f1": 57.44475198851537}
{"adapter": "cdo", "num_seeds": 3, "f1": 57.03036727775435}
{"adapter": "se", "num_seeds": 3, "f1": 53.50948366634432}
{"adapter": "gn", "num_seeds": 3, "f1": 52.713504917507976}
{"adapter": "wo", "num_seeds": 3, "f1": 50.568112501152605}
