{"adapter": "hi", "num_seeds": 1, "f1": 68.14035840755444}
{"adapter": "ka", "num_seeds": 1, "f1": 67.46239897232779}
{"adapter": "tr", "num_seeds": 1, "f1": 65.68297246725474}
{"adapter": "hy", "num_seeds": 1, "f1": 65.6618751340914}
{"adapter": "pt", "num_seeds": 1, "f1": 65.47733847637416}
{"adapter": "en", "num_seeds": 1, "f1": 65.40192926045016}
{"adapter": "ru", "num_seeds": 1, "f1": 65.34292154126865}
{"adapter": "zh_yue", "num_seeds": 1, "f1": 65.21295450883507}
{"adapter": "fa", "num_seeds": 1, "f1": 65.16974645466266}
{"adapter": "am", "num_seeds": 1, "f1": 65.12650085763293}
{"adapter": "cs", "num_seeds": 1, "f1": 65.10930132876126}
{"adapter": "vi", "num_seeds": 1, "f1": 64.96322937355737}
{"adapter": "ja", "num_seeds": 1, "f1": 64.7358541163851}
{"adapter": "bn", "num_seeds": 1, "f1": 64.70462099281656}
{"adapter": "id", "num_seeds": 1, "f1": 64.6158784506741}
{"adapter": "hu", "num_seeds": 1, "f1": 64.61455815202794}
{"adapter": "ar", "num_seeds": 1, "f1": 64.33131269781664}
{"adapter": "de", "num_seeds": 1, "f1": 64.05873211510637}
{"adapter": "jv", "num_seeds": 1, "f1": 63.99309116424677}
{"adapter": "eu", "num_seeds": 1, "f1": 63.93372068000861}
{"adapter": "my", "num_seeds": 1, "f1": 63.88769363166953}
{"adapter": "fr", "num_seeds": 1, "f1": 63.20299946438136}
{"adapter": "la", "num_seeds": 1, "f1": 63.200903177248534}
{"adapter": "zh", "num_seeds": 1, "f1": 63.17480719794345}
{"adapter": "bh", "num_seeds": 1, "f1": 62.61038121903941}
{"adapter": "ko", "num_seeds": 1, "f1": 62.29843044506558}
{"adapter": "el", "num_seeds": 1, "f1": 62.07604234175847}
{"adapter": "mhr", "num_seeds": 1, "f1": 62.04450177362142}
{"adapter": "lv", "num_seeds": 1, "f1": 62.01725997842503}
{"adapter": "es", "num_seeds": 1, "f1": 61.492119842934756}
{"adapter": "bxr", "num_seeds": 1, "f1": 61.44513635387588}
{"adapter": "fi", "num_seeds": 1, "f1": 60.980095196884456}
{"adapter": "myv", "num_seeds": 1, "f1": 60.49222797927462}
{"adapter": "is", "num_seeds": 1, "f1": 59.00378992961559}
{"adapter": "xmf", "num_seeds": 1, "f1": 58.67402119835605}
{"adapter": "et", "num_seeds": 1, "f1": 58.16171688705831}
{"adapter": "ilo", "num_seeds": 1, "f1": 58.14092464823165}
{"adapter": "kv", "num_seeds": 1, "f1": 57.50771062171961}
{"adapter": "ht", "num_seeds": 1, "f1": 56.61090124123044}
{"adapter": "sw", "num_seeds": 1, "f1": 56.00346770697876}
{"adapter": "mi", "num_seeds": 1, "f1": 55.569557832447536}
{"adapter": "cdo", "num_seeds": 1, "f1": 55.09191076201385}
{"adapter": "qu", "num_seeds": 1, "f1": 54.49493298463549}
{"adapter": "tk", "num_seeds": 1, "f1": 52.781272220095175}
{"adapter": "se", "num_seeds": 1, "f1": 51.89272707206711}
{"adapter": "gn", "num_seeds": 1, "f1": 50.4177816612965}
{"adapter": "wo", "num_seeds": 1, "f1": 49.98341625207296}
