{"adapter": "ar", "num_seeds": 3, "f1": 64.84191640891827}
{"adapter": "en", "num_seeds": 3, "f1": 61.82566900741898}
{"adapter": "el", "num_seeds": 3, "f1": 61.80425823305713}
{"adapter": "zh", "num_seeds": 3, "f1": 61.55771331844327}
{"adapter": "th", "num_seeds": 3, "f1": 60.96296140123108}
{"adapter": "es", "num_seeds": 3, "f1": 60.9204271833432}
{"adapter": "id", "num_seeds": 3, "f1": 60.78157274173926}
{"adapter": "it", "num_seeds": 3, "f1": 60.779462980252454}
{"adapter": "hi", "num_seeds": 3, "f1": 59.88159560163169}
{"adapter": "ta", "num_seeds": 3, "f1": 59.35733009787369}
{"adapter": "ru", "num_seeds": 3, "f1": 58.795740319940364}
{"adapter": "et", "num_seeds": 3, "f1": 58.03353930600152}
{"adapter": "ja", "num_seeds": 3, "f1": 57.17426374577786}
{"adapter": "vi", "num_seeds": 3, "f1": 56.90533657327382}
{"adapter": "de", "num_seeds": 3, "f1": 56.50410320493472}
{"adapter": "is", "num_seeds": 3, "f1": 55.86013477949506}
{"adapter": "my", "num_seeds": 3, "f1": 54.296311391830095}
{"adapter": "tr", "num_seeds": 3, "f1": 53.04090275288098}
{"adapter": "jv", "num_seeds": 3, "f1": 52.272016695028526}
{"adapter": "sw", "num_seeds": 3, "f1": 50.29153173726967}
{"adapter": "xmf", "num_seeds": 3, "f1": 49.01782731489488}
{"adapter": "qu", "num_seeds": 3, "f1": 48.200075936506046}
{"adapter": "gn", "num_seeds": 3, "f1": 46.719642483042}
{"adapter": "mhr", "num_seeds": 3, "f1": 46.09853778380374}
{"adapter": "cdo", "num_seeds": 3, "f1": 45.386671195381325}
{"adapter": "tk", "num_seeds": 3, "f1": 42.723370654668315}
{"adapter": "ilo", "num_seeds": 3, "f1": 41.110513937872206}
{"adapter": "ht", "num_seeds": 3, "f1": 37.53854191810059}
{"adapter": "mi", "num_seeds": 3, "f1": 33.22107217921433}
