{"adapter": "ar", "num_seeds": 1, "f1": 63.631457776579964}
{"adapter": "el", "num_seeds": 1, "f1": 60.77845285413592}
{"adapter": "en", "num_seeds": 1, "f1": 60.49098856253637}
{"adapter": "zh", "num_seeds": 1, "f1": 59.48499261707089}
{"adapter": "th", "num_seeds": 1, "f1": 59.135988456367684}
{"adapter": "es", "num_seeds": 1, "f1": 58.73205926411016}
{"adapter": "it", "num_seeds": 1, "f1": 58.58300992533837}
{"adapter": "id", "num_seeds": 1, "f1": 58.396986531291525}
{"adapter": "ta", "num_seeds": 1, "f1": 58.11525440802902}
{"adapter": "hi", "num_seeds": 1, "f1": 56.73048024429409}
{"adapter": "ru", "num_seeds": 1, "f1": 56.04172658495174}
{"adapter": "et", "num_seeds": 1, "f1": 55.07826988818272}
{"adapter": "vi", "num_seeds": 1, "f1": 54.289893790825126}
{"adapter": "de", "num_seeds": 1, "f1": 54.05046599720469}
{"adapter": "ja", "num_seeds": 1, "f1": 53.44378616280067}
{"adapter": "is", "num_seeds": 1, "f1": 51.76448871111783}
{"adapter": "my", "num_seeds": 1, "f1": 50.03445402048811}
{"adapter": "tr", "num_seeds": 1, "f1": 49.847996281093636}
{"adapter": "jv", "num_seeds": 1, "f1": 47.017293094384556}
{"adapter": "xmf", "num_seeds": 1, "f1": 44.421715459216614}
{"adapter": "gn", "num_seeds": 1, "f1": 43.79470375140513}
{"adapter": "cdo", "num_seeds": 1, "f1": 43.746677417780575}
{"adapter": "sw", "num_seeds": 1, "f1": 43.43723306504962}
{"adapter": "qu", "num_seeds": 1, "f1": 42.5467597250723}
{"adapter": "mhr", "num_seeds": 1, "f1": 41.89155713215386}
{"adapter": "tk", "num_seeds": 1, "f1": 39.55569452021823}
{"adapter": "ilo", "num_seeds": 1, "f1": 35.97033774847643}
{"adapter": "ht", "num_seeds": 1, "f1": 31.537157456556983}
{"adapter": "mi", "num_seeds": 1, "f1": 29.61587947678461}
