{"adapter": "ar", "num_seeds": 1, "f1": 64.14469544816643}
{"adapter": "zh", "num_seeds": 1, "f1": 61.27251521646576}
{"adapter": "el", "num_seeds": 1, "f1": 61.096989230081284}
{"adapter": "id", "num_seeds": 1, "f1": 60.7810825647342}
{"adapter": "es", "num_seeds": 1, "f1": 60.69488575191923}
{"adapter": "it", "num_seeds": 1, "f1": 60.45406920018481}
{"adapter": "en", "num_seeds": 1, "f1": 60.30570324957831}
{"adapter": "th", "num_seeds": 1, "f1": 60.01035594047555}
{"adapter": "hi", "num_seeds": 1, "f1": 59.779299614604604}
{"adapter": "ru", "num_seeds": 1, "f1": 58.1434493232561}
{"adapter": "ta", "num_seeds": 1, "f1": 58.12140721639078}
{"adapter": "ja", "num_seeds": 1, "f1": 57.575041482921996}
{"adapter": "et", "num_seeds": 1, "f1": 57.1903397149917}
{"adapter": "vi", "num_seeds": 1, "f1": 55.89191606965925}
{"adapter": "is", "num_seeds": 1, "f1": 55.82585692445836}
{"adapter": "de", "num_seeds": 1, "f1": 55.25083742612593}
{"adapter": "my", "num_seeds": 1, "f1": 53.912273516481314}
{"adapter": "tr", "num_seeds": 1, "f1": 52.28858390642504}
{"adapter": "jv", "num_seeds": 1, "f1": 51.57475349169762}
{"adapter": "sw", "num_seeds": 1, "f1": 51.368167034784626}
{"adapter": "qu", "num_seeds": 1, "f1": 48.365632280360984}
{"adapter": "xmf", "num_seeds": 1, "f1": 48.00768540625706}
{"adapter": "gn", "num_seeds": 1, "f1": 45.06850337946328}
{"adapter": "mhr", "num_seeds": 1, "f1": 45.02290803929968}
{"adapter": "cdo", "num_seeds": 1, "f1": 43.23971617837964}
{"adapter": "ilo", "num_seeds": 1, "f1": 39.61846646258169}
{"adapter": "tk", "num_seeds": 1, "f1": 39.16711655260112}
{"adapter": "ht", "num_seeds": 1, "f1": 36.51593675979251}
{"adapter": "mi", "num_seeds": 1, "f1": 31.3191407175436}
