{"adapter": "ar", "num_seeds": 1, "f1": 66.74959600200837}
{"adapter": "en", "num_seeds": 1, "f1": 64.68031521014225}
{"adapter": "zh", "num_seeds": 1, "f1": 63.915632121793166}
{"adapter": "th", "num_seeds": 1, "f1": 63.742539806850026}
{"adapter": "el", "num_seeds": 1, "f1": 63.537332614954195}
{"adapter": "es", "num_seeds": 1, "f1": 63.334336534000194}
{"adapter": "it", "num_seeds": 1, "f1": 63.3013098152342}
{"adapter": "id", "num_seeds": 1, "f1": 63.166649129192045}
{"adapter": "hi", "num_seeds": 1, "f1": 63.13500694599638}
{"adapter": "ru", "num_seeds": 1, "f1": 62.20204505161325}
{"adapter": "ta", "num_seeds": 1, "f1": 61.835328669201274}
{"adapter": "et", "num_seeds": 1, "f1": 61.832008314830155}
{"adapter": "vi", "num_seeds": 1, "f1": 60.53419985933709}
{"adapter": "ja", "num_seeds": 1, "f1": 60.503963591610905}
{"adapter": "de", "num_seeds": 1, "f1": 60.21100619147354}
{"adapter": "is", "num_seeds": 1, "f1": 59.990058702909}
{"adapter": "my", "num_seeds": 1, "f1": 58.942206638520844}
{"adapter": "jv", "num_seeds": 1, "f1": 58.22400349900338}
{"adapter": "tr", "num_seeds": 1, "f1": 56.98612807112426}
{"adapter": "sw", "num_seeds": 1, "f1": 56.06919511197478}
{"adapter": "xmf", "num_seeds": 1, "f1": 54.62408107921098}
{"adapter": "qu", "num_seeds": 1, "f1": 53.68783580408487}
{"adapter": "mhr", "num_seeds": 1, "f1": 51.381148179957684}
{"adapter": "gn", "num_seeds": 1, "f1": 51.29572031825759}
{"adapter": "tk", "num_seeds": 1, "f1": 49.447300891185606}
{"adapter": "cdo", "num_seeds": 1, "f1": 49.17361998998378}
{"adapter": "ilo", "num_seeds": 1, "f1": 47.7427376025585}
{"adapter": "ht", "num_seeds": 1, "f1": 44.562531537952275}
{"adapter": "mi", "num_seeds": 1, "f1": 38.728196343314785}
