{"adapter": "en", "num_seeds": 3, "f1": 83.23450601453347}
{"adapter": "ru", "num_seeds": 3, "f1": 82.79537069578946}
{"adapter": "zh", "num_seeds": 3, "f1": 82.68773193473146}
{"adapter": "el", "num_seeds": 3, "f1": 82.56101844974745}
{"adapter": "es", "num_seeds": 3, "f1": 82.44275483202436}
{"adapter": "ja", "num_seeds": 3, "f1": 82.333004669337}
{"adapter": "ta", "num_seeds": 3, "f1": 82.27539924931853}
{"adapter": "it", "num_seeds": 3, "f1": 82.22650181077005}
{"adapter": "ar", "num_seeds": 3, "f1": 82.03384801171444}
{"adapter": "id", "num_seeds": 3, "f1": 81.99980012459498}
{"adapter": "tr", "num_seeds": 3, "f1": 81.99320075515394}
{"adapter": "th", "num_seeds": 3, "f1": 81.91814775946726}
{"adapter": "de", "num_seeds": 3, "f1": 81.89393097159892}
{"adapter": "vi", "num_seeds": 3, "f1": 81.86805881716303}
{"adapter": "et", "num_seeds": 3, "f1": 81.84591460538839}
{"adapter": "hi", "num_seeds": 3, "f1": 81.83530307849342}
{"adapter": "is", "num_seeds": 3, "f1": 81.68756297770734}
{"adapter": "jv", "num_seeds": 3, "f1": 81.61935678423205}
{"adapter": "sw", "num_seeds": 3, "f1": 81.1128595903816}
{"adapter": "my", "num_seeds": 3, "f1": 81.05782308667494}
{"adapter": "xmf", "num_seeds": 3, "f1": 80.28812923844615}
{"adapter": "qu", "num_seeds": 3, "f1": 80.10335133886123}
{"adapter": "tk", "num_seeds": 3, "f1": 79.96407728083288}
{"adapter": "ilo", "num_seeds": 3, "f1": 79.58021216398485}
{"adapter": "cdo", "num_seeds": 3, "f1": 79.10759803155811}
{"adapter": "ht", "num_seeds": 3, "f1": 79.09694484433675}
{"adapter": "mhr", "num_seeds": 3, "f1": 79.06686293070773}
{"adapter": "gn", "num_seeds": 3, "f1": 78.26138281215599}
{"adapter": "mi", "num_seeds": 3, "f1": 77.55470390834991}
