{"adapter": "en", "num_seeds": 1, "f1": 83.2098296965675}
{"adapter": "ru", "num_seeds": 1, "f1": 83.03364816734315}
{"adapter": "zh", "num_seeds": 1, "f1": 82.58269107082768}
{"adapter": "ja", "num_seeds": 1, "f1": 82.50603482490295}
{"adapter": "el", "num_seeds": 1, "f1": 82.50423004427292}
{"adapter": "es", "num_seeds": 1, "f1": 82.44159216333702}
{"adapter": "id", "num_seeds": 1, "f1": 82.3581767974172}
{"adapter": "it", "num_seeds": 1, "f1": 82.08831253012006}
{"adapter": "de", "num_seeds": 1, "f1": 82.08261689501786}
{"adapter": "ta", "num_seeds": 1, "f1": 82.01841271069542}
{"adapter": "ar", "num_seeds": 1, "f1": 81.89402910986222}
{"adapter": "is", "num_seeds": 1, "f1": 81.84413260549556}
{"adapter": "tr", "num_seeds": 1, "f1": 81.81114223079666}
{"adapter": "th", "num_seeds": 1, "f1": 81.74302016791043}
{"adapter": "vi", "num_seeds": 1, "f1": 81.65194743049689}
{"adapter": "et", "num_seeds": 1, "f1": 81.59749120015732}
{"adapter": "jv", "num_seeds": 1, "f1": 81.55452520565981}
{"adapter": "hi", "num_seeds": 1, "f1": 81.53115285666932}
{"adapter": "qu", "num_seeds": 1, "f1": 81.04209025903722}
{"adapter": "sw", "num_seeds": 1, "f1": 80.88912117975389}
{"adapter": "my", "num_seeds": 1, "f1": 80.75699103160066}
{"adapter": "tk", "num_seeds": 1, "f1": 80.51742072910044}
{"adapter": "xmf", "num_seeds": 1, "f1": 79.28395652464977}
{"adapter": "cdo", "num_seeds": 1, "f1": 79.1062235971936}
{"adapter": "ilo", "num_seeds": 1, "f1": 79.04799019169602}
{"adapter": "mhr", "num_seeds": 1, "f1": 78.27212737784586}
{"adapter": "ht", "num_seeds": 1, "f1": 78.00217561210336}
{"adapter": "gn", "num_seeds": 1, "f1": 77.68479697210996}
{"adapter": "mi", "num_seeds": 1, "f1": 77.50977916337888}
