{"adapter": "ru", "num_seeds": 1, "f1": 83.59510112043354}
{"adapter": "en", "num_seeds": 1, "f1": 83.57563939574104}
{"adapter": "el", "num_seeds": 1, "f1": 83.45844450191612}
{"adapter": "ta", "num_seeds": 1, "f1": 82.93823545524741}
{"adapter": "de", "num_seeds": 1, "f1": 82.83368576817476}
{"adapter": "it", "num_seeds": 1, "f1": 82.70859939146908}
{"adapter": "es", "num_seeds": 1, "f1": 82.70186162743904}
{"adapter": "id", "num_seeds": 1, "f1": 82.69284576349713}
{"adapter": "th", "num_seeds": 1, "f1": 82.61582440891655}
{"adapter": "et", "num_seeds": 1, "f1": 82.60582881915666}
{"adapter": "zh", "num_seeds": 1, "f1": 82.60391136462049}
{"adapter": "ar", "num_seeds": 1, "f1": 82.59472839738623}
{"adapter": "hi", "num_seeds": 1, "f1": 82.58035720795127}
{"adapter": "ja", "num_seeds": 1, "f1": 82.57079498240037}
{"adapter": "tr", "num_seeds": 1, "f1": 82.52779107602359}
{"adapter": "vi", "num_seeds": 1, "f1": 82.39447770993651}
{"adapter": "is", "num_seeds": 1, "f1": 82.12157228482599}
{"adapter": "jv", "num_seeds": 1, "f1": 82.05543446638639}
{"adapter": "sw", "num_seeds": 1, "f1": 81.99960473980582}
{"adapter": "my", "num_seeds": 1, "f1": 81.8107616940051}
{"adapter": "xmf", "num_seeds": 1, "f1": 81.37811608359836}
{"adapter": "ilo", "num_seeds": 1, "f1": 80.80557827687768}
{"adapter": "tk", "num_seeds": 1, "f1": 80.47073412070215}
{"adapter": "qu", "num_seeds": 1, "f1": 80.24065521176944}
{"adapter": "mhr", "num_seeds": 1, "f1": 79.98632968929677}
{"adapter": "ht", "num_seeds": 1, "f1": 79.93597542323405}
{"adapter": "cdo", "num_seeds": 1, "f1": 79.89609402773988}
{"adapter": "gn", "num_seeds": 1, "f1": 79.61211951142505}
{"adapter": "mi", "num_seeds": 1, "f1": 77.83497285261964}
