{"adapter": "en", "num_seeds": 1, "f1": 82.91804895129187}
{"adapter": "zh", "num_seeds": 1, "f1": 82.87659336874621}
{"adapter": "es", "num_seeds": 1, "f1": 82.18481070529704}
{"adapter": "ja", "num_seeds": 1, "f1": 81.92218420070765}
{"adapter": "it", "num_seeds": 1, "f1": 81.882593510721}
{"adapter": "ta", "num_seeds": 1, "f1": 81.86954958201277}
{"adapter": "ru", "num_seeds": 1, "f1": 81.75736279959168}
{"adapter": "el", "num_seeds": 1, "f1": 81.7203808030533}
{"adapter": "tr", "num_seeds": 1, "f1": 81.64066895864157}
{"adapter": "ar", "num_seeds": 1, "f1": 81.61278652789485}
{"adapter": "vi", "num_seeds": 1, "f1": 81.55775131105567}
{"adapter": "th", "num_seeds": 1, "f1": 81.39559870157481}
{"adapter": "hi", "num_seeds": 1, "f1": 81.39439917085964}
{"adapter": "et", "num_seeds": 1, "f1": 81.33442379685121}
{"adapter": "jv", "num_seeds": 1, "f1": 81.24811068064994}
{"adapter": "is", "num_seeds": 1, "f1": 81.09698404280047}
{"adapter": "id", "num_seeds": 1, "f1": 80.94837781287062}
{"adapter": "de", "num_seeds": 1, "f1": 80.76549025160412}
{"adapter": "my", "num_seeds": 1, "f1": 80.6057165344191}
{"adapter": "sw", "num_seeds": 1, "f1": 80.44985285158512}
{"adapter": "xmf", "num_seeds": 1, "f1": 80.2023151070903}
{"adapter": "ht", "num_seeds": 1, "f1": 79.3526834976728}
{"adapter": "qu", "num_seeds": 1, "f1": 79.02730854577705}
{"adapter": "mhr", "num_seeds": 1, "f1": 78.94213172498057}
{"adapter": "tk", "num_seeds": 1, "f1": 78.90407699269603}
{"adapter": "ilo", "num_seeds": 1, "f1": 78.88706802338088}
{"adapter": "cdo", "num_seeds": 1, "f1": 78.32047646974085}
{"adapter": "gn", "num_seeds": 1, "f1": 77.48723195293293}
{"adapter": "mi", "num_seeds": 1, "f1": 77.3193597090512}
