{"adapter": "hi", "num_seeds": 3, "f1": 67.184650404976}
{"adapter": "en", "num_seeds": 3, "f1": 65.55358111443047}
