{"adapter": "hi", "num_seeds": 1, "f1": 69.02762332607008}
{"adapter": "en", "num_seeds": 1, "f1": 66.65017841234011}
