{"adapter": "hi", "num_seeds": 1, "f1": 66.5187631343486}
{"adapter": "en", "num_seeds": 1, "f1": 64.89924936591798}
