{"adapter": "hi", "num_seeds": 1, "f1": 66.0075647545093}
{"adapter": "en", "num_seeds": 1, "f1": 65.11131556503332}
