{"adapter": "hi", "num_seeds": 3, "f1": 57.922863520875005}
{"adapter": "id", "num_seeds": 3, "f1": 56.42483799836242}
{"adapter": "cs", "num_seeds": 3, "f1": 56.19408320092132}
{"adapter": "pt", "num_seeds": 3, "f1": 56.06242748960841}
{"adapter": "hu", "num_seeds": 3, "f1": 55.86365571439271}
{"adapter": "fa", "num_seeds": 3, "f1": 55.69023398008937}
{"adapter": "ka", "num_seeds": 3, "f1": 55.25237200740204}
{"adapter": "tr", "num_seeds": 3, "f1": 55.2080975023574}
{"adapter": "lv", "num_seeds": 3, "f1": 54.776694064409675}
{"adapter": "zh_yue", "num_seeds": 3, "f1": 54.68543603043241}
{"adapter": "eu", "num_seeds": 3, "f1": 53.94478871709631}
{"adapter": "la", "num_seeds": 3, "f1": 52.85132357719866}
{"adapter": "bh", "num_seeds": 3, "f1": 52.64322604311685}
{"adapter": "bn", "num_seeds": 3, "f1": 52.594854321546755}
{"adapter": "hy", "num_seeds": 3, "f1": 51.84876552132314}
{"adapter": "am", "num_seeds": 3, "f1": 51.69000747245108}
{"adapter": "bxr", "num_seeds": 3, "f1": 50.810091363462796}
{"adapter": "vi", "num_seeds": 3, "f1": 50.273311431169056}
{"adapter": "en", "num_seeds": 3, "f1": 50.08463045620902}
{"adapter": "jv", "num_seeds": 3, "f1": 47.90225446364834}
{"adapter": "se", "num_seeds": 3, "f1": 47.25451725757233}
{"adapter": "es", "num_seeds": 3, "f1": 47.209626832664526}
{"adapter": "is", "num_seeds": 3, "f1": 46.33525457309409}
{"adapter": "de", "num_seeds": 3, "f1": 45.48777626193017}
{"adapter": "myv", "num_seeds": 3, "f1": 45.26398361250699}
{"adapter": "ilo", "num_seeds": 3, "f1": 44.74241316689079}
{"adapter": "et", "num_seeds": 3, "f1": 44.56612264045052}
{"adapter": "kv", "num_seeds": 3, "f1": 43.41170132373023}
{"adapter": "mhr", "num_seeds": 2, "f1": 42.64087879357095}
{"adapter": "fi", "num_seeds": 3, "f1": 41.65260421640868}
{"adapter": "fr", "num_seeds": 3, "f1": 40.91461733475895}
{"adapter": "ar", "num_seeds": 3, "f1": 40.38661366351672}
{"adapter": "my", "num_seeds": 3, "f1": 39.85054282689262}
{"adapter": "ja", "num_seeds": 3, "f1": 39.5930572284477}
{"adapter": "xmf", "num_seeds": 3, "f1": 39.02639896873662}
{"adapter": "tk", "num_seeds": 3, "f1": 38.53714659060668}
{"adapter": "ko", "num_seeds": 3, "f1": 37.96495402650825}
{"adapter": "wo", "num_seeds": 3, "f1": 37.83902824714034}
{"adapter": "sw", "num_seeds": 3, "f1": 37.59822036550704}
{"adapter": "cdo", "num_seeds": 3, "f1": 37.25642610676345}
{"adapter": "zh", "num_seeds": 3, "f1": 36.66624216626327}
{"adapter": "mi", "num_seeds": 3, "f1": 35.29810542983894}
{"adapter": "el", "num_seeds": 3, "f1": 34.23065462402319}
{"adapter": "gn", "num_seeds": 3, "f1": 32.07786462392473}
{"adapter": "qu", "num_seeds": 3, "f1": 31.158381873640735}
{"adapter": "ht", "num_seeds": 3, "f1": 30.67865446256896}
{"adapter": "ru", "num_seeds": 3, "f1": 30.04605880927052}
