{"adapter": "hi", "num_seeds": 1, "f1": 59.02955125866471}
{"adapter": "fa", "num_seeds": 1, "f1": 58.05471124620061}
{"adapter": "tr", "num_seeds": 1, "f1": 57.806549885757796}
{"adapter": "cs", "num_seeds": 1, "f1": 57.77607948032099}
{"adapter": "id", "num_seeds": 1, "f1": 57.685009487666036}
{"adapter": "pt", "num_seeds": 1, "f1": 57.02193151212004}
{"adapter": "hu", "num_seeds": 1, "f1": 56.75471698113208}
{"adapter": "eu", "num_seeds": 1, "f1": 55.736434108527135}
{"adapter": "ka", "num_seeds": 1, "f1": 55.70947210782479}
{"adapter": "la", "num_seeds": 1, "f1": 55.359877488514556}
{"adapter": "zh_yue", "num_seeds": 1, "f1": 54.6555639666919}
{"adapter": "lv", "num_seeds": 1, "f1": 54.40239790183588}
{"adapter": "hy", "num_seeds": 1, "f1": 54.35779816513763}
{"adapter": "am", "num_seeds": 1, "f1": 52.99401197604791}
{"adapter": "bh", "num_seeds": 1, "f1": 52.95836376917459}
{"adapter": "en", "num_seeds": 1, "f1": 52.00828157349896}
{"adapter": "vi", "num_seeds": 1, "f1": 51.77277926038888}
{"adapter": "bn", "num_seeds": 1, "f1": 51.63422695556372}
{"adapter": "es", "num_seeds": 1, "f1": 50.511408339889854}
{"adapter": "bxr", "num_seeds": 1, "f1": 50.502152080344345}
{"adapter": "jv", "num_seeds": 1, "f1": 48.57254595228783}
{"adapter": "ilo", "num_seeds": 1, "f1": 48.48722986247544}
{"adapter": "se", "num_seeds": 1, "f1": 48.28883038736367}
{"adapter": "kv", "num_seeds": 1, "f1": 47.31098986749805}
{"adapter": "myv", "num_seeds": 1, "f1": 47.094568932776305}
{"adapter": "ar", "num_seeds": 1, "f1": 46.41068447412354}
{"adapter": "is", "num_seeds": 1, "f1": 45.61970125151393}
{"adapter": "de", "num_seeds": 1, "f1": 44.47184545828195}
{"adapter": "et", "num_seeds": 1, "f1": 44.435483870967744}
{"adapter": "ja", "num_seeds": 1, "f1": 44.017094017094024}
{"adapter": "ko", "num_seeds": 1, "f1": 43.64100382815823}
{"adapter": "my", "num_seeds": 1, "f1": 42.98245614035088}
{"adapter": "tk", "num_seeds": 1, "f1": 42.281879194630875}
{"adapter": "mhr", "num_seeds": 1, "f1": 42.11298606016141}
{"adapter": "xmf", "num_seeds": 1, "f1": 42.027086063783315}
{"adapter": "wo", "num_seeds": 1, "f1": 41.869300911854104}
{"adapter": "sw", "num_seeds": 1, "f1": 41.70575692963753}
{"adapter": "fr", "num_seeds": 1, "f1": 41.3564929693962}
{"adapter": "fi", "num_seeds": 1, "f1": 41.00346020761246}
{"adapter": "cdo", "num_seeds": 1, "f1": 40.9156976744186}
{"adapter": "mi", "num_seeds": 1, "f1": 40.099009900990104}
{"adapter": "gn", "num_seeds": 1, "f1": 39.610664409648756}
{"adapter": "zh", "num_seeds": 1, "f1": 38.771274387712744}
{"adapter": "el", "num_seeds": 1, "f1": 37.35881841876629}
{"adapter": "qu", "num_seeds": 1, "f1": 34.74347434743474}
{"adapter": "ht", "num_seeds": 1, "f1": 31.241283124128312}
{"adapter": "ru", "num_seeds": 1, "f1": 28.011204481792713}
