{"adapter": "hi", "num_seeds": 1, "f1": 56.083086053412465}
{"adapter": "zh_yue", "num_seeds": 1, "f1": 54.34949961508851}
{"adapter": "hu", "num_seeds": 1, "f1": 54.268292682926834}
{"adapter": "pt", "num_seeds": 1, "f1": 54.144074360960495}
{"adapter": "bh", "num_seeds": 1, "f1": 53.40823970037455}
{"adapter": "cs", "num_seeds": 1, "f1": 53.33839150227618}
{"adapter": "id", "num_seeds": 1, "f1": 53.27174749807544}
{"adapter": "ka", "num_seeds": 1, "f1": 52.76823214967544}
{"adapter": "lv", "num_seeds": 1, "f1": 52.63562908811081}
{"adapter": "fa", "num_seeds": 1, "f1": 52.559999999999995}
{"adapter": "tr", "num_seeds": 1, "f1": 52.283464566929126}
{"adapter": "eu", "num_seeds": 1, "f1": 51.2779552715655}
{"adapter": "am", "num_seeds": 1, "f1": 50.68870523415977}
{"adapter": "bn", "num_seeds": 1, "f1": 50.24743052912067}
{"adapter": "bxr", "num_seeds": 1, "f1": 49.554234769687966}
{"adapter": "la", "num_seeds": 1, "f1": 49.233128834355824}
{"adapter": "hy", "num_seeds": 1, "f1": 48.70992963252541}
{"adapter": "vi", "num_seeds": 1, "f1": 47.80876494023904}
{"adapter": "se", "num_seeds": 1, "f1": 47.477064220183486}
{"adapter": "en", "num_seeds": 1, "f1": 46.29232747535361}
{"adapter": "jv", "num_seeds": 1, "f1": 45.289256198347104}
{"adapter": "is", "num_seeds": 1, "f1": 44.57928802588997}
{"adapter": "mhr", "num_seeds": 1, "f1": 43.16877152698048}
{"adapter": "myv", "num_seeds": 1, "f1": 42.47921390778533}
{"adapter": "et", "num_seeds": 1, "f1": 42.336407553798864}
{"adapter": "kv", "num_seeds": 1, "f1": 42.08848146671981}
{"adapter": "ilo", "num_seeds": 1, "f1": 41.75563463819692}
{"adapter": "es", "num_seeds": 1, "f1": 38.93653516295026}
{"adapter": "de", "num_seeds": 1, "f1": 38.30345430695235}
{"adapter": "fi", "num_seeds": 1, "f1": 37.5}
{"adapter": "wo", "num_seeds": 1, "f1": 36.20373763283254}
{"adapter": "fr", "num_seeds": 1, "f1": 36.02150537634408}
{"adapter": "xmf", "num_seeds": 1, "f1": 32.68379096545616}
{"adapter": "my", "num_seeds": 1, "f1": 32.6802834514381}
{"adapter": "tk", "num_seeds": 1, "f1": 32.606941081517355}
{"adapter": "ko", "num_seeds": 1, "f1": 32.219127205199634}
{"adapter": "sw", "num_seeds": 1, "f1": 32.12253829321663}
{"adapter": "ar", "num_seeds": 1, "f1": 31.978072179077206}
{"adapter": "mi", "num_seeds": 1, "f1": 31.949152542372882}
{"adapter": "ja", "num_seeds": 1, "f1": 31.693989071038253}
{"adapter": "zh", "num_seeds": 1, "f1": 31.653992395437264}
{"adapter": "cdo", "num_seeds": 1, "f1": 31.51382823871907}
{"adapter": "el", "num_seeds": 1, "f1": 30.5117168818747}
{"adapter": "ru", "num_seeds": 1, "f1": 27.277108433734938}
{"adapter": "qu", "num_seeds": 1, "f1": 25.564588979223124}
{"adapter": "gn", "num_seeds": 1, "f1": 24.629629629629633}
{"adapter": "ht", "num_seeds": 1, "f1": 24.383301707779886}
