{"adapter": "is", "num_seeds": 3, "f1": 66.49989196442897}
{"adapter": "pt", "num_seeds": 3, "f1": 64.49314948944993}
{"adapter": "ka", "num_seeds": 3, "f1": 63.719903036407004}
{"adapter": "cs", "num_seeds": 3, "f1": 63.509133710141725}
{"adapter": "en", "num_seeds": 3, "f1": 63.410637997953756}
{"adapter": "zh_yue", "num_seeds": 3, "f1": 63.06775388341102}
{"adapter": "de", "num_seeds": 3, "f1": 62.9057971209819}
{"adapter": "fa", "num_seeds": 3, "f1": 62.85844914569093}
{"adapter": "hu", "num_seeds": 3, "f1": 62.1130659717166}
{"adapter": "id", "num_seeds": 3, "f1": 61.73230511054273}
{"adapter": "es", "num_seeds": 3, "f1": 61.6574481822868}
{"adapter": "tr", "num_seeds": 3, "f1": 61.20096046216677}
{"adapter": "vi", "num_seeds": 3, "f1": 60.981548796928934}
{"adapter": "bn", "num_seeds": 3, "f1": 60.8731160043994}
{"adapter": "fr", "num_seeds": 3, "f1": 60.53784004391961}
{"adapter": "hy", "num_seeds": 3, "f1": 60.38826772901182}
{"adapter": "eu", "num_seeds": 3, "f1": 60.094159234301195}
{"adapter": "el", "num_seeds": 3, "f1": 58.28248930294524}
{"adapter": "my", "num_seeds": 3, "f1": 58.141677246255405}
{"adapter": "ja", "num_seeds": 3, "f1": 57.88864840741159}
{"adapter": "la", "num_seeds": 3, "f1": 57.831925803762886}
{"adapter": "zh", "num_seeds": 3, "f1": 57.516852459811936}
{"adapter": "am", "num_seeds": 3, "f1": 57.31783393241162}
{"adapter": "lv", "num_seeds": 3, "f1": 56.56188228844575}
{"adapter": "fi", "num_seeds": 3, "f1": 56.353161010467545}
{"adapter": "bxr", "num_seeds": 3, "f1": 55.89198969628697}
{"adapter": "ru", "num_seeds": 3, "f1": 55.87675260952215}
{"adapter": "bh", "num_seeds": 3, "f1": 54.01969423873493}
{"adapter": "jv", "num_seeds": 3, "f1": 53.93727208894067}
{"adapter": "ko", "num_seeds": 3, "f1": 53.428265027135126}
{"adapter": "hi", "num_seeds": 3, "f1": 52.59072782106106}
{"adapter": "ar", "num_seeds": 3, "f1": 52.218783291447664}
{"adapter": "et", "num_seeds": 3, "f1": 51.2032213846853}
{"adapter": "xmf", "num_seeds": 3, "f1": 48.32357362404294}
{"adapter": "sw", "num_seeds": 3, "f1": 47.99790347565343}
{"adapter": "mi", "num_seeds": 3, "f1": 47.83138183551472}
{"adapter": "mhr", "num_seeds": 3, "f1": 47.73622978951058}
{"adapter": "cdo", "num_seeds": 3, "f1": 47.67883474248496}
{"adapter": "se", "num_seeds": 3, "f1": 46.94653990723241}
{"adapter": "kv", "num_seeds": 3, "f1": 45.87100588131731}
{"adapter": "ilo", "num_seeds": 3, "f1": 45.78082697563079}
{"adapter": "qu", "num_seeds": 3, "f1": 45.408317016824185}
{"adapter": "ht", "num_seeds": 3, "f1": 45.37288954710659}
{"adapter": "myv", "num_seeds": 3, "f1": 44.58953025631214}
{"adapter": "tk", "num_seeds": 3, "f1": 42.534653576946106}
{"adapter": "wo", "num_seeds": 3, "f1": 41.10250868438542}
{"adapter": "gn", "num_seeds": 3, "f1": 40.93444987327192}
