{"adapter": "is", "num_seeds": 1, "f1": 67.91158536585365}
{"adapter": "ka", "num_seeds": 1, "f1": 66.07828089025325}
{"adapter": "pt", "num_seeds": 1, "f1": 65.92307692307692}
{"adapter": "hu", "num_seeds": 1, "f1": 64.95344506517691}
{"adapter": "cs", "num_seeds": 1, "f1": 64.90366452587834}
{"adapter": "de", "num_seeds": 1, "f1": 64.74763406940063}
{"adapter": "en", "num_seeds": 1, "f1": 64.35185185185185}
{"adapter": "hy", "num_seeds": 1, "f1": 64.08288564850345}
{"adapter": "tr", "num_seeds": 1, "f1": 63.58024691358024}
{"adapter": "zh_yue", "num_seeds": 1, "f1": 63.512989530825905}
{"adapter": "id", "num_seeds": 1, "f1": 63.4165067178503}
{"adapter": "es", "num_seeds": 1, "f1": 63.27727806022684}
{"adapter": "vi", "num_seeds": 1, "f1": 62.89211935730681}
{"adapter": "fa", "num_seeds": 1, "f1": 61.98786039453717}
{"adapter": "bn", "num_seeds": 1, "f1": 61.68509340449866}
{"adapter": "eu", "num_seeds": 1, "f1": 60.666411336652615}
{"adapter": "fr", "num_seeds": 1, "f1": 60.47231900890437}
{"adapter": "am", "num_seeds": 1, "f1": 59.20289855072465}
{"adapter": "la", "num_seeds": 1, "f1": 59.150579150579155}
{"adapter": "lv", "num_seeds": 1, "f1": 59.0176515732924}
{"adapter": "fi", "num_seeds": 1, "f1": 58.97536175205319}
{"adapter": "my", "num_seeds": 1, "f1": 58.951310861423224}
{"adapter": "ja", "num_seeds": 1, "f1": 58.11232449297972}
{"adapter": "zh", "num_seeds": 1, "f1": 57.284894837476095}
{"adapter": "ru", "num_seeds": 1, "f1": 57.16492854383932}
{"adapter": "bxr", "num_seeds": 1, "f1": 56.779352962559074}
{"adapter": "el", "num_seeds": 1, "f1": 55.946791862284805}
{"adapter": "jv", "num_seeds": 1, "f1": 55.81395348837209}
{"adapter": "bh", "num_seeds": 1, "f1": 55.4364471669219}
{"adapter": "ar", "num_seeds": 1, "f1": 53.82545174932719}
{"adapter": "kv", "num_seeds": 1, "f1": 53.35287651154269}
{"adapter": "et", "num_seeds": 1, "f1": 53.32278481012659}
{"adapter": "ko", "num_seeds": 1, "f1": 53.144171779141104}
{"adapter": "hi", "num_seeds": 1, "f1": 51.846212409592695}
{"adapter": "se", "num_seeds": 1, "f1": 50.87463556851311}
{"adapter": "mi", "num_seeds": 1, "f1": 50.69274653626732}
{"adapter": "sw", "num_seeds": 1, "f1": 49.763033175355446}
{"adapter": "ilo", "num_seeds": 1, "f1": 49.17664670658682}
{"adapter": "xmf", "num_seeds": 1, "f1": 49.06122448979592}
{"adapter": "myv", "num_seeds": 1, "f1": 48.67224445252819}
{"adapter": "mhr", "num_seeds": 1, "f1": 48.55018587360594}
{"adapter": "qu", "num_seeds": 1, "f1": 48.28393135725428}
{"adapter": "ht", "num_seeds": 1, "f1": 47.51335799424579}
{"adapter": "tk", "num_seeds": 1, "f1": 45.74425171440096}
{"adapter": "wo", "num_seeds": 1, "f1": 45.677614194035485}
{"adapter": "cdo", "num_seeds": 1, "f1": 45.519203413940254}
{"adapter": "gn", "num_seeds": 1, "f1": 41.06261859582543}
