{"adapter": "is", "num_seeds": 1, "f1": 65.21739130434783}
{"adapter": "cs", "num_seeds": 1, "f1": 63.731343283582085}
{"adapter": "pt", "num_seeds": 1, "f1": 63.37448559670782}
{"adapter": "zh_yue", "num_seeds": 1, "f1": 63.23254945875326}
{"adapter": "en", "num_seeds": 1, "f1": 62.815608263198165}
{"adapter": "fa", "num_seeds": 1, "f1": 62.310030395136785}
{"adapter": "es", "num_seeds": 1, "f1": 61.64740961610138}
{"adapter": "de", "num_seeds": 1, "f1": 61.5958240119314}
{"adapter": "ka", "num_seeds": 1, "f1": 61.25324434556914}
{"adapter": "id", "num_seeds": 1, "f1": 60.96654275092938}
{"adapter": "tr", "num_seeds": 1, "f1": 60.738007380073796}
{"adapter": "fr", "num_seeds": 1, "f1": 60.28210838901262}
{"adapter": "vi", "num_seeds": 1, "f1": 60.278090943254426}
{"adapter": "bn", "num_seeds": 1, "f1": 60.131195335276956}
{"adapter": "hu", "num_seeds": 1, "f1": 59.94215473608099}
{"adapter": "eu", "num_seeds": 1, "f1": 59.86597170513775}
{"adapter": "el", "num_seeds": 1, "f1": 59.34333198216457}
{"adapter": "hy", "num_seeds": 1, "f1": 58.875739644970416}
{"adapter": "ja", "num_seeds": 1, "f1": 58.692421991084686}
{"adapter": "la", "num_seeds": 1, "f1": 58.53474320241692}
{"adapter": "zh", "num_seeds": 1, "f1": 58.066914498141266}
{"adapter": "my", "num_seeds": 1, "f1": 57.90262172284643}
{"adapter": "am", "num_seeds": 1, "f1": 57.307831107903276}
{"adapter": "bxr", "num_seeds": 1, "f1": 56.68103448275862}
{"adapter": "ru", "num_seeds": 1, "f1": 56.63987753539993}
{"adapter": "jv", "num_seeds": 1, "f1": 55.885671305001885}
{"adapter": "fi", "num_seeds": 1, "f1": 55.36639526276832}
{"adapter": "ko", "num_seeds": 1, "f1": 55.07584597432905}
{"adapter": "lv", "num_seeds": 1, "f1": 54.71698113207547}
{"adapter": "bh", "num_seeds": 1, "f1": 53.32856120257695}
{"adapter": "hi", "num_seeds": 1, "f1": 52.79001468428781}
{"adapter": "et", "num_seeds": 1, "f1": 51.65912518853696}
{"adapter": "ar", "num_seeds": 1, "f1": 51.1969111969112}
{"adapter": "mhr", "num_seeds": 1, "f1": 50.12098167991705}
{"adapter": "cdo", "num_seeds": 1, "f1": 49.93006993006993}
{"adapter": "mi", "num_seeds": 1, "f1": 49.74379188017343}
{"adapter": "sw", "num_seeds": 1, "f1": 48.003132341425214}
{"adapter": "xmf", "num_seeds": 1, "f1": 47.487533563482934}
{"adapter": "ilo", "num_seeds": 1, "f1": 47.22327162825841}
{"adapter": "qu", "num_seeds": 1, "f1": 46.77125136811382}
{"adapter": "myv", "num_seeds": 1, "f1": 46.745976207137865}
{"adapter": "se", "num_seeds": 1, "f1": 46.2460345435319}
{"adapter": "ht", "num_seeds": 1, "f1": 44.16086620262954}
{"adapter": "gn", "num_seeds": 1, "f1": 43.98675983817581}
{"adapter": "kv", "num_seeds": 1, "f1": 43.817485196795545}
{"adapter": "tk", "num_seeds": 1, "f1": 43.31476323119777}
{"adapter": "wo", "num_seeds": 1, "f1": 40.91591591591591}
