{"adapter": "is", "num_seeds": 1, "f1": 66.37069922308545}
{"adapter": "fa", "num_seeds": 1, "f1": 64.27745664739885}
{"adapter": "pt", "num_seeds": 1, "f1": 64.18188594856504}
{"adapter": "ka", "num_seeds": 1, "f1": 63.828183873398636}
{"adapter": "en", "num_seeds": 1, "f1": 63.064453878811264}
{"adapter": "zh_yue", "num_seeds": 1, "f1": 62.45772266065389}
{"adapter": "de", "num_seeds": 1, "f1": 62.37393328161366}
{"adapter": "cs", "num_seeds": 1, "f1": 61.89239332096476}
{"adapter": "hu", "num_seeds": 1, "f1": 61.44359811389191}
{"adapter": "fr", "num_seeds": 1, "f1": 60.85909273384183}
{"adapter": "id", "num_seeds": 1, "f1": 60.81386586284854}
{"adapter": "bn", "num_seeds": 1, "f1": 60.803059273422555}
{"adapter": "es", "num_seeds": 1, "f1": 60.047656870532165}
{"adapter": "vi", "num_seeds": 1, "f1": 59.77443609022557}
{"adapter": "eu", "num_seeds": 1, "f1": 59.75009466111321}
{"adapter": "el", "num_seeds": 1, "f1": 59.55734406438632}
{"adapter": "tr", "num_seeds": 1, "f1": 59.284627092846264}
{"adapter": "hy", "num_seeds": 1, "f1": 58.206177893561595}
{"adapter": "my", "num_seeds": 1, "f1": 57.57109915449655}
{"adapter": "zh", "num_seeds": 1, "f1": 57.19874804381846}
{"adapter": "ja", "num_seeds": 1, "f1": 56.86119873817035}
{"adapter": "lv", "num_seeds": 1, "f1": 55.95101415996938}
{"adapter": "la", "num_seeds": 1, "f1": 55.81045505829258}
{"adapter": "am", "num_seeds": 1, "f1": 55.442772138606934}
{"adapter": "fi", "num_seeds": 1, "f1": 54.717726016581125}
{"adapter": "bxr", "num_seeds": 1, "f1": 54.21558164354322}
{"adapter": "ru", "num_seeds": 1, "f1": 53.82545174932719}
{"adapter": "bh", "num_seeds": 1, "f1": 53.29407434670592}
{"adapter": "hi", "num_seeds": 1, "f1": 53.1359563693027}
{"adapter": "ko", "num_seeds": 1, "f1": 52.06477732793522}
{"adapter": "ar", "num_seeds": 1, "f1": 51.633986928104584}
{"adapter": "jv", "num_seeds": 1, "f1": 50.11219147344802}
{"adapter": "et", "num_seeds": 1, "f1": 48.627754155392346}
{"adapter": "xmf", "num_seeds": 1, "f1": 48.42196281884998}
{"adapter": "cdo", "num_seeds": 1, "f1": 47.58723088344469}
{"adapter": "sw", "num_seeds": 1, "f1": 46.22754491017964}
{"adapter": "mhr", "num_seeds": 1, "f1": 44.53752181500873}
{"adapter": "ht", "num_seeds": 1, "f1": 44.44444444444445}
{"adapter": "se", "num_seeds": 1, "f1": 43.71894960965223}
{"adapter": "mi", "num_seeds": 1, "f1": 43.0576070901034}
{"adapter": "qu", "num_seeds": 1, "f1": 41.16976832510444}
{"adapter": "ilo", "num_seeds": 1, "f1": 40.942562592047125}
{"adapter": "kv", "num_seeds": 1, "f1": 40.442655935613686}
{"adapter": "tk", "num_seeds": 1, "f1": 38.54494578523959}
{"adapter": "myv", "num_seeds": 1, "f1": 38.35037010927035}
{"adapter": "gn", "num_seeds": 1, "f1": 37.75397118581456}
{"adapter": "wo", "num_seeds": 1, "f1": 36.713995943204864}
