{"adapter": "pt", "num_seeds": 3, "f1": 59.385317100703155}
{"adapter": "hu", "num_seeds": 3, "f1": 59.246928812515286}
{"adapter": "id", "num_seeds": 3, "f1": 58.73837819213592}
{"adapter": "ru", "num_seeds": 3, "f1": 58.46430358414174}
{"adapter": "cs", "num_seeds": 3, "f1": 58.22877630020582}
{"adapter": "tr", "num_seeds": 3, "f1": 58.01402220425542}
{"adapter": "zh_yue", "num_seeds": 3, "f1": 57.02339326696087}
{"adapter": "ka", "num_seeds": 3, "f1": 56.71243709622437}
{"adapter": "en", "num_seeds": 3, "f1": 56.58129665501673}
{"adapter": "lv", "num_seeds": 3, "f1": 56.34164068181527}
{"adapter": "eu", "num_seeds": 3, "f1": 56.16338332760094}
{"adapter": "myv", "num_seeds": 3, "f1": 55.87855370560766}
{"adapter": "es", "num_seeds": 3, "f1": 55.864654521582715}
{"adapter": "kv", "num_seeds": 3, "f1": 55.465893372184176}
{"adapter": "hy", "num_seeds": 3, "f1": 55.37621679314352}
{"adapter": "bn", "num_seeds": 3, "f1": 55.26593291129248}
{"adapter": "bxr", "num_seeds": 3, "f1": 54.64730298946471}
{"adapter": "de", "num_seeds": 3, "f1": 54.62682657842746}
{"adapter": "fa", "num_seeds": 3, "f1": 53.770089375796424}
{"adapter": "fr", "num_seeds": 3, "f1": 52.739446637032195}
{"adapter": "jv", "num_seeds": 3, "f1": 52.62540867322409}
{"adapter": "is", "num_seeds": 3, "f1": 52.12851842431483}
{"adapter": "et", "num_seeds": 3, "f1": 51.879534499551845}
{"adapter": "la", "num_seeds": 3, "f1": 51.39454307060779}
{"adapter": "vi", "num_seeds": 3, "f1": 51.24601628793291}
{"adapter": "am", "num_seeds": 3, "f1": 50.71160488399507}
{"adapter": "my", "num_seeds": 3, "f1": 50.56410978095263}
{"adapter": "fi", "num_seeds": 3, "f1": 48.75857230662021}
{"adapter": "tk", "num_seeds": 3, "f1": 48.36494201764296}
{"adapter": "mhr", "num_seeds": 3, "f1": 48.2597687930741}
{"adapter": "bh", "num_seeds": 3, "f1": 47.980571878401236}
{"adapter": "ilo", "num_seeds": 3, "f1": 47.66690912386016}
{"adapter": "ja", "num_seeds": 3, "f1": 46.414654555850184}
{"adapter": "ar", "num_seeds": 3, "f1": 45.50636664525964}
{"adapter": "hi", "num_seeds": 3, "f1": 45.503191265060785}
{"adapter": "sw", "num_seeds": 3, "f1": 45.386316739926116}
{"adapter": "mi", "num_seeds": 3, "f1": 44.81360910711206}
{"adapter": "wo", "num_seeds": 3, "f1": 44.809050749558715}
{"adapter": "se", "num_seeds": 3, "f1": 44.57465493622838}
{"adapter": "el", "num_seeds": 3, "f1": 44.09901081753611}
{"adapter": "zh", "num_seeds": 3, "f1": 43.950950403000725}
{"adapter": "gn", "num_seeds": 3, "f1": 43.36060097560718}
{"adapter": "qu", "num_seeds": 3, "f1": 41.684386814093045}
{"adapter": "ko", "num_seeds": 3, "f1": 41.23814209029765}
{"adapter": "ht", "num_seeds": 3, "f1": 41.134923439550796}
{"adapter": "cdo", "num_seeds": 3, "f1": 40.944493959563054}
{"adapter": "xmf", "num_seeds": 3, "f1": 38.41354005618015}
