{"adapter": "pt", "num_seeds": 1, "f1": 58.53304838955885}
{"adapter": "hu", "num_seeds": 1, "f1": 58.53105636995618}
{"adapter": "cs", "num_seeds": 1, "f1": 56.97636063771302}
{"adapter": "myv", "num_seeds": 1, "f1": 56.8323561265265}
{"adapter": "id", "num_seeds": 1, "f1": 56.758775205377155}
{"adapter": "tr", "num_seeds": 1, "f1": 56.46868624658378}
{"adapter": "lv", "num_seeds": 1, "f1": 56.311826369407946}
{"adapter": "en", "num_seeds": 1, "f1": 55.690111476461624}
{"adapter": "hy", "num_seeds": 1, "f1": 55.6667300741868}
{"adapter": "ka", "num_seeds": 1, "f1": 55.6665219279201}
{"adapter": "zh_yue", "num_seeds": 1, "f1": 55.59763226589213}
{"adapter": "bxr", "num_seeds": 1, "f1": 55.491842699123225}
{"adapter": "es", "num_seeds": 1, "f1": 55.27910565739451}
{"adapter": "eu", "num_seeds": 1, "f1": 55.21280749707146}
{"adapter": "ru", "num_seeds": 1, "f1": 55.154839851353756}
{"adapter": "bn", "num_seeds": 1, "f1": 54.815709057984684}
{"adapter": "de", "num_seeds": 1, "f1": 53.391107761868874}
{"adapter": "kv", "num_seeds": 1, "f1": 52.770290506139574}
{"adapter": "is", "num_seeds": 1, "f1": 52.57597795299702}
{"adapter": "fr", "num_seeds": 1, "f1": 52.28090100321787}
{"adapter": "fa", "num_seeds": 1, "f1": 52.1712038010671}
{"adapter": "la", "num_seeds": 1, "f1": 51.39584281596116}
{"adapter": "am", "num_seeds": 1, "f1": 50.91589882897104}
{"adapter": "jv", "num_seeds": 1, "f1": 50.84864801591947}
{"adapter": "my", "num_seeds": 1, "f1": 50.846392521896234}
{"adapter": "et", "num_seeds": 1, "f1": 50.81816086655911}
{"adapter": "vi", "num_seeds": 1, "f1": 50.125895797017236}
{"adapter": "mhr", "num_seeds": 1, "f1": 49.9450413076623}
{"adapter": "fi", "num_seeds": 1, "f1": 49.065366306745624}
{"adapter": "tk", "num_seeds": 1, "f1": 48.94851609564993}
{"adapter": "ilo", "num_seeds": 1, "f1": 47.94065976966621}
{"adapter": "ja", "num_seeds": 1, "f1": 46.32203075782842}
{"adapter": "sw", "num_seeds": 1, "f1": 46.229326580675796}
{"adapter": "se", "num_seeds": 1, "f1": 45.51495016611295}
{"adapter": "zh", "num_seeds": 1, "f1": 45.080444321461044}
{"adapter": "bh", "num_seeds": 1, "f1": 44.92538421560621}
{"adapter": "ht", "num_seeds": 1, "f1": 43.90343365141506}
{"adapter": "mi", "num_seeds": 1, "f1": 43.61724325001043}
{"adapter": "wo", "num_seeds": 1, "f1": 43.37588202648061}
{"adapter": "el", "num_seeds": 1, "f1": 42.82638309091708}
{"adapter": "hi", "num_seeds": 1, "f1": 42.58427883438087}
{"adapter": "ar", "num_seeds": 1, "f1": 42.42220353238016}
{"adapter": "ko", "num_seeds": 1, "f1": 41.24989598069402}
{"adapter": "qu", "num_seeds": 1, "f1": 40.875273522975924}
{"adapter": "gn", "num_seeds": 1, "f1": 40.613711689569136}
{"adapter": "xmf", "num_seeds": 1, "f1": 40.48941479513806}
{"adapter": "cdo", "num_seeds": 1, "f1": 39.95004509817526}
