{"adapter": "ru", "num_seeds": 1, "f1": 60.2125931940651}
{"adapter": "id", "num_seeds": 1, "f1": 58.56293049467751}
{"adapter": "hu", "num_seeds": 1, "f1": 58.502363885923444}
{"adapter": "pt", "num_seeds": 1, "f1": 58.46424339716394}
{"adapter": "tr", "num_seeds": 1, "f1": 57.526208731028014}
{"adapter": "cs", "num_seeds": 1, "f1": 57.15240890011515}
{"adapter": "en", "num_seeds": 1, "f1": 56.6884006810914}
{"adapter": "zh_yue", "num_seeds": 1, "f1": 55.972932446460845}
{"adapter": "ka", "num_seeds": 1, "f1": 55.758725341426405}
{"adapter": "eu", "num_seeds": 1, "f1": 55.44928468091946}
{"adapter": "de", "num_seeds": 1, "f1": 54.31353069739717}
{"adapter": "kv", "num_seeds": 1, "f1": 54.28497390145486}
{"adapter": "fa", "num_seeds": 1, "f1": 53.926947797460414}
{"adapter": "es", "num_seeds": 1, "f1": 53.871780287641194}
{"adapter": "lv", "num_seeds": 1, "f1": 53.32722133088853}
{"adapter": "jv", "num_seeds": 1, "f1": 53.074590661006674}
{"adapter": "fr", "num_seeds": 1, "f1": 51.92586898966607}
{"adapter": "hy", "num_seeds": 1, "f1": 51.49421777794741}
{"adapter": "bn", "num_seeds": 1, "f1": 51.43437024315991}
{"adapter": "vi", "num_seeds": 1, "f1": 51.209565664964174}
{"adapter": "bxr", "num_seeds": 1, "f1": 51.046490090757544}
{"adapter": "is", "num_seeds": 1, "f1": 50.35460992907802}
{"adapter": "myv", "num_seeds": 1, "f1": 49.96928413977523}
{"adapter": "la", "num_seeds": 1, "f1": 49.61312287217579}
{"adapter": "et", "num_seeds": 1, "f1": 48.853850818677984}
{"adapter": "am", "num_seeds": 1, "f1": 48.612926652142335}
{"adapter": "bh", "num_seeds": 1, "f1": 48.50903787849714}
{"adapter": "my", "num_seeds": 1, "f1": 46.98470593111452}
{"adapter": "fi", "num_seeds": 1, "f1": 45.634854771784234}
{"adapter": "tk", "num_seeds": 1, "f1": 44.981184240841706}
{"adapter": "ilo", "num_seeds": 1, "f1": 44.732063516593904}
{"adapter": "mhr", "num_seeds": 1, "f1": 44.16098371082294}
{"adapter": "hi", "num_seeds": 1, "f1": 43.96225594642779}
{"adapter": "ja", "num_seeds": 1, "f1": 42.340399560564755}
{"adapter": "mi", "num_seeds": 1, "f1": 41.30750795584017}
{"adapter": "ar", "num_seeds": 1, "f1": 41.144437721497106}
{"adapter": "se", "num_seeds": 1, "f1": 40.92525358386046}
{"adapter": "wo", "num_seeds": 1, "f1": 40.44104312502267}
{"adapter": "sw", "num_seeds": 1, "f1": 40.198003600065455}
{"adapter": "el", "num_seeds": 1, "f1": 39.84965810804692}
{"adapter": "zh", "num_seeds": 1, "f1": 38.63275039745627}
{"adapter": "gn", "num_seeds": 1, "f1": 38.0933177400492}
{"adapter": "qu", "num_seeds": 1, "f1": 37.635736490226975}
{"adapter": "cdo", "num_seeds": 1, "f1": 36.32722903848254}
{"adapter": "ko", "num_seeds": 1, "f1": 34.67887363018449}
{"adapter": "xmf", "num_seeds": 1, "f1": 33.444351928948095}
{"adapter": "ht", "num_seeds": 1, "f1": 33.10799246962176}
