{"adapter": "pt", "num_seeds": 1, "f1": 61.158659515386674}
{"adapter": "id", "num_seeds": 1, "f1": 60.8934288763531}
{"adapter": "myv", "num_seeds": 1, "f1": 60.834020850521256}
{"adapter": "hu", "num_seeds": 1, "f1": 60.70736618166623}
{"adapter": "cs", "num_seeds": 1, "f1": 60.557559362789306}
{"adapter": "tr", "num_seeds": 1, "f1": 60.04717163515446}
{"adapter": "ru", "num_seeds": 1, "f1": 60.02547770700637}
{"adapter": "bn", "num_seeds": 1, "f1": 59.54771943273285}
{"adapter": "zh_yue", "num_seeds": 1, "f1": 59.49961508852962}
{"adapter": "lv", "num_seeds": 1, "f1": 59.385874345149325}
{"adapter": "kv", "num_seeds": 1, "f1": 59.342415708958065}
{"adapter": "hy", "num_seeds": 1, "f1": 58.967702527296325}
{"adapter": "ka", "num_seeds": 1, "f1": 58.71206401932659}
{"adapter": "es", "num_seeds": 1, "f1": 58.44307761971247}
{"adapter": "eu", "num_seeds": 1, "f1": 57.82805780481189}
{"adapter": "bxr", "num_seeds": 1, "f1": 57.40357617851337}
{"adapter": "en", "num_seeds": 1, "f1": 57.365377807497154}
{"adapter": "de", "num_seeds": 1, "f1": 56.175841276016335}
{"adapter": "et", "num_seeds": 1, "f1": 55.96659181341844}
{"adapter": "fa", "num_seeds": 1, "f1": 55.21211652886176}
{"adapter": "fr", "num_seeds": 1, "f1": 54.01156991821266}
{"adapter": "jv", "num_seeds": 1, "f1": 53.95298734274613}
{"adapter": "my", "num_seeds": 1, "f1": 53.861230889847114}
{"adapter": "is", "num_seeds": 1, "f1": 53.45496739086945}
{"adapter": "la", "num_seeds": 1, "f1": 53.17466352368642}
{"adapter": "ar", "num_seeds": 1, "f1": 52.952458681901646}
{"adapter": "am", "num_seeds": 1, "f1": 52.60598917087186}
{"adapter": "vi", "num_seeds": 1, "f1": 52.402587401817335}
{"adapter": "fi", "num_seeds": 1, "f1": 51.57549584133078}
{"adapter": "gn", "num_seeds": 1, "f1": 51.374773497203186}
{"adapter": "tk", "num_seeds": 1, "f1": 51.16512571643725}
{"adapter": "mhr", "num_seeds": 1, "f1": 50.673281360737064}
{"adapter": "wo", "num_seeds": 1, "f1": 50.61022709717287}
{"adapter": "ja", "num_seeds": 1, "f1": 50.58153334915737}
{"adapter": "bh", "num_seeds": 1, "f1": 50.50729354110035}
{"adapter": "ilo", "num_seeds": 1, "f1": 50.32800408532035}
{"adapter": "hi", "num_seeds": 1, "f1": 49.96303901437371}
{"adapter": "sw", "num_seeds": 1, "f1": 49.73162003903708}
{"adapter": "el", "num_seeds": 1, "f1": 49.62099125364432}
{"adapter": "mi", "num_seeds": 1, "f1": 49.51607611548556}
{"adapter": "zh", "num_seeds": 1, "f1": 48.13965649008487}
{"adapter": "ko", "num_seeds": 1, "f1": 47.78565666001444}
{"adapter": "se", "num_seeds": 1, "f1": 47.28376105871171}
{"adapter": "cdo", "num_seeds": 1, "f1": 46.556207742031354}
{"adapter": "qu", "num_seeds": 1, "f1": 46.54215042907623}
{"adapter": "ht", "num_seeds": 1, "f1": 46.393344197615576}
{"adapter": "xmf", "num_seeds": 1, "f1": 41.3068534444543}
