{"adapter": "en", "num_seeds": 3, "f1": 63.95950047710435}
{"adapter": "zh_yue", "num_seeds": 3, "f1": 59.78622347578548}
{"adapter": "cs", "num_seeds": 3, "f1": 59.68383006440462}
{"adapter": "id", "num_seeds": 3, "f1": 58.738982948748365}
{"adapter": "fa", "num_seeds": 3, "f1": 58.543008188906505}
{"adapter": "eu", "num_seeds": 3, "f1": 58.54257511119158}
{"adapter": "es", "num_seeds": 3, "f1": 58.40501947707619}
{"adapter": "hu", "num_seeds": 3, "f1": 58.372550516129444}
{"adapter": "pt", "num_seeds": 3, "f1": 58.16690140791339}
{"adapter": "vi", "num_seeds": 3, "f1": 58.14749940187289}
{"adapter": "de", "num_seeds": 3, "f1": 57.19137637096649}
{"adapter": "la", "num_seeds": 3, "f1": 57.0725204082654}
{"adapter": "ka", "num_seeds": 3, "f1": 56.97344480562278}
{"adapter": "hy", "num_seeds": 3, "f1": 56.636668199871075}
{"adapter": "sw", "num_seeds": 3, "f1": 55.97793513280548}
{"adapter": "fr", "num_seeds": 3, "f1": 55.70917715557227}
{"adapter": "fi", "num_seeds": 3, "f1": 55.020163409971616}
{"adapter": "zh", "num_seeds": 3, "f1": 54.768849505554755}
{"adapter": "tr", "num_seeds": 3, "f1": 54.65132212421113}
{"adapter": "bn", "num_seeds": 3, "f1": 54.50067532330929}
{"adapter": "am", "num_seeds": 3, "f1": 54.411184824807115}
{"adapter": "lv", "num_seeds": 3, "f1": 53.328532050611955}
{"adapter": "ru", "num_seeds": 3, "f1": 52.74370049127051}
{"adapter": "my", "num_seeds": 3, "f1": 51.073735269360746}
{"adapter": "is", "num_seeds": 3, "f1": 50.94344453212725}
{"adapter": "jv", "num_seeds": 3, "f1": 50.62340655308887}
{"adapter": "bxr", "num_seeds": 3, "f1": 50.38235848496023}
{"adapter": "bh", "num_seeds": 3, "f1": 49.49021413343749}
{"adapter": "ilo", "num_seeds": 3, "f1": 49.45481665195522}
{"adapter": "ja", "num_seeds": 3, "f1": 49.35204937310494}
{"adapter": "ar", "num_seeds": 3, "f1": 48.1114747288782}
{"adapter": "hi", "num_seeds": 3, "f1": 47.84275809065693}
{"adapter": "et", "num_seeds": 3, "f1": 46.814498521837145}
{"adapter": "el", "num_seeds": 3, "f1": 46.77372701782348}
{"adapter": "mi", "num_seeds": 3, "f1": 44.954418693930705}
{"adapter": "ko", "num_seeds": 3, "f1": 44.5311618304203}
{"adapter": "se", "num_seeds": 3, "f1": 42.8699073389192}
{"adapter": "ht", "num_seeds": 3, "f1": 42.05996217137574}
{"adapter": "wo", "num_seeds": 3, "f1": 40.95308453845139}
{"adapter": "tk", "num_seeds": 3, "f1": 40.909186703770025}
{"adapter": "kv", "num_seeds": 3, "f1": 39.839646146532225}
{"adapter": "xmf", "num_seeds": 3, "f1": 39.63622501725002}
{"adapter": "myv", "num_seeds": 3, "f1": 39.19555652026259}
{"adapter": "mhr", "num_seeds": 3, "f1": 39.03723398449275}
{"adapter": "qu", "num_seeds": 3, "f1": 38.07557949111256}
{"adapter": "cdo", "num_seeds": 3, "f1": 37.33277488665281}
{"adapter": "gn", "num_seeds": 3, "f1": 35.54861603799862}
