{"adapter": "en", "num_seeds": 1, "f1": 63.200982398690144}
{"adapter": "cs", "num_seeds": 1, "f1": 61.040000000000006}
{"adapter": "hu", "num_seeds": 1, "f1": 59.26517571884984}
{"adapter": "es", "num_seeds": 1, "f1": 58.861267040898156}
{"adapter": "pt", "num_seeds": 1, "f1": 58.54632587859425}
{"adapter": "id", "num_seeds": 1, "f1": 58.350100603621726}
{"adapter": "fa", "num_seeds": 1, "f1": 57.77601899485555}
{"adapter": "la", "num_seeds": 1, "f1": 57.62439807383628}
{"adapter": "eu", "num_seeds": 1, "f1": 57.24550898203594}
{"adapter": "zh_yue", "num_seeds": 1, "f1": 56.58730158730159}
{"adapter": "ka", "num_seeds": 1, "f1": 56.50969529085873}
{"adapter": "fi", "num_seeds": 1, "f1": 55.9315441462466}
{"adapter": "de", "num_seeds": 1, "f1": 55.88117221999197}
{"adapter": "sw", "num_seeds": 1, "f1": 55.587808417997095}
{"adapter": "tr", "num_seeds": 1, "f1": 55.437769925402435}
{"adapter": "vi", "num_seeds": 1, "f1": 55.325914149443555}
{"adapter": "fr", "num_seeds": 1, "f1": 55.29175050301812}
{"adapter": "zh", "num_seeds": 1, "f1": 55.20254169976172}
{"adapter": "hy", "num_seeds": 1, "f1": 54.96941896024465}
{"adapter": "lv", "num_seeds": 1, "f1": 54.63336019339242}
{"adapter": "ru", "num_seeds": 1, "f1": 54.400000000000006}
{"adapter": "bn", "num_seeds": 1, "f1": 53.55746677091477}
{"adapter": "am", "num_seeds": 1, "f1": 52.784313725490186}
{"adapter": "my", "num_seeds": 1, "f1": 52.093023255813954}
{"adapter": "ilo", "num_seeds": 1, "f1": 51.60513643659711}
{"adapter": "is", "num_seeds": 1, "f1": 50.787552823665}
{"adapter": "jv", "num_seeds": 1, "f1": 50.44694908666926}
{"adapter": "bxr", "num_seeds": 1, "f1": 49.407407407407405}
{"adapter": "el", "num_seeds": 1, "f1": 48.992248062015506}
{"adapter": "ja", "num_seeds": 1, "f1": 48.60181173690429}
{"adapter": "hi", "num_seeds": 1, "f1": 48.3969465648855}
{"adapter": "et", "num_seeds": 1, "f1": 47.549208799691236}
{"adapter": "ko", "num_seeds": 1, "f1": 46.536964980544745}
{"adapter": "ar", "num_seeds": 1, "f1": 46.22831787010892}
{"adapter": "bh", "num_seeds": 1, "f1": 45.5962587685113}
{"adapter": "se", "num_seeds": 1, "f1": 44.99805371739977}
{"adapter": "ht", "num_seeds": 1, "f1": 44.00904295403165}
{"adapter": "mhr", "num_seeds": 1, "f1": 43.500363108206244}
{"adapter": "myv", "num_seeds": 1, "f1": 42.654392021480625}
{"adapter": "mi", "num_seeds": 1, "f1": 42.15349369988545}
{"adapter": "tk", "num_seeds": 1, "f1": 41.72502764467379}
{"adapter": "kv", "num_seeds": 1, "f1": 39.799460084843815}
{"adapter": "wo", "num_seeds": 1, "f1": 39.40206975852817}
{"adapter": "xmf", "num_seeds": 1, "f1": 39.05775075987841}
{"adapter": "gn", "num_seeds": 1, "f1": 38.92370070033174}
{"adapter": "cdo", "num_seeds": 1, "f1": 37.91741472172352}
{"adapter": "qu", "num_seeds": 1, "f1": 37.36417805818436}
