{"adapter": "en", "num_seeds": 1, "f1": 67.02523789822095}
{"adapter": "zh_yue", "num_seeds": 1, "f1": 65.48135299219427}
{"adapter": "cs", "num_seeds": 1, "f1": 63.044346783859375}
{"adapter": "vi", "num_seeds": 1, "f1": 62.866584056175135}
{"adapter": "ka", "num_seeds": 1, "f1": 62.23337515683814}
{"adapter": "id", "num_seeds": 1, "f1": 62.21327967806841}
{"adapter": "fa", "num_seeds": 1, "f1": 61.43261837312829}
{"adapter": "es", "num_seeds": 1, "f1": 61.41479099678456}
{"adapter": "eu", "num_seeds": 1, "f1": 61.283811061768276}
{"adapter": "hy", "num_seeds": 1, "f1": 60.77880369329587}
{"adapter": "pt", "num_seeds": 1, "f1": 60.534591194968556}
{"adapter": "hu", "num_seeds": 1, "f1": 59.65865011636928}
{"adapter": "zh", "num_seeds": 1, "f1": 59.434360489658076}
{"adapter": "la", "num_seeds": 1, "f1": 59.365079365079374}
{"adapter": "fr", "num_seeds": 1, "f1": 58.95765472312703}
{"adapter": "de", "num_seeds": 1, "f1": 58.85167464114832}
{"adapter": "bn", "num_seeds": 1, "f1": 57.62974438419829}
{"adapter": "tr", "num_seeds": 1, "f1": 57.57575757575757}
{"adapter": "am", "num_seeds": 1, "f1": 56.8111455108359}
{"adapter": "sw", "num_seeds": 1, "f1": 56.23362036690378}
{"adapter": "bh", "num_seeds": 1, "f1": 56.21025858414582}
{"adapter": "fi", "num_seeds": 1, "f1": 56.18332674832081}
{"adapter": "ru", "num_seeds": 1, "f1": 55.932914046121596}
{"adapter": "bxr", "num_seeds": 1, "f1": 54.49674703406047}
{"adapter": "lv", "num_seeds": 1, "f1": 53.349093774625686}
{"adapter": "ja", "num_seeds": 1, "f1": 53.04247990815156}
{"adapter": "is", "num_seeds": 1, "f1": 52.85996055226825}
{"adapter": "my", "num_seeds": 1, "f1": 52.652572796170716}
{"adapter": "mi", "num_seeds": 1, "f1": 52.024048096192374}
{"adapter": "jv", "num_seeds": 1, "f1": 51.69692186266771}
{"adapter": "ar", "num_seeds": 1, "f1": 50.32206119162641}
{"adapter": "ilo", "num_seeds": 1, "f1": 48.49432929213922}
{"adapter": "hi", "num_seeds": 1, "f1": 48.45679012345679}
{"adapter": "ko", "num_seeds": 1, "f1": 47.80564263322884}
{"adapter": "el", "num_seeds": 1, "f1": 46.58603199375732}
{"adapter": "et", "num_seeds": 1, "f1": 45.703275529865124}
{"adapter": "ht", "num_seeds": 1, "f1": 44.54939000393546}
{"adapter": "wo", "num_seeds": 1, "f1": 43.27794561933535}
{"adapter": "se", "num_seeds": 1, "f1": 43.061840120663646}
{"adapter": "xmf", "num_seeds": 1, "f1": 41.979249800478854}
{"adapter": "qu", "num_seeds": 1, "f1": 41.85005594927266}
{"adapter": "tk", "num_seeds": 1, "f1": 41.695303550973655}
{"adapter": "kv", "num_seeds": 1, "f1": 40.59561128526646}
{"adapter": "myv", "num_seeds": 1, "f1": 40.325707638619626}
{"adapter": "mhr", "num_seeds": 1, "f1": 35.98971722365039}
{"adapter": "cdo", "num_seeds": 1, "f1": 35.75539568345324}
{"adapter": "gn", "num_seeds": 1, "f1": 33.86243386243387}
