{"adapter": "gn", "num_seeds": 1, "f1": 33.41802421162756}
{"adapter": "zh_yue", "num_seeds": 1, "f1": 26.664630421502743}
{"adapter": "am", "num_seeds": 1, "f1": 13.774241670810541}
{"adapter": "kv", "num_seeds": 1, "f1": 11.647727272727273}
{"adapter": "hu", "num_seeds": 1, "f1": 11.50916784203103}
{"adapter": "de", "num_seeds": 1, "f1": 10.53716878028663}
{"adapter": "cdo", "num_seeds": 1, "f1": 8.437084491720052}
{"adapter": "mhr", "num_seeds": 1, "f1": 7.421213148085395}
{"adapter": "xmf", "num_seeds": 1, "f1": 6.793434097188363}
{"adapter": "bxr", "num_seeds": 1, "f1": 2.523659305993691}
{"adapter": "en", "num_seeds": 1, "f1": 0.39131981501245117}
{"adapter": "cs", "num_seeds": 1, "f1": 0.3844809507165327}
{"adapter": "et", "num_seeds": 1, "f1": 0.2849002849002849}
{"adapter": "qu", "num_seeds": 1, "f1": 0.21432398642614753}
{"adapter": "el", "num_seeds": 1, "f1": 0.1786352268667381}
{"adapter": "tk", "num_seeds": 1, "f1": 0.14285714285714285}
{"adapter": "ru", "num_seeds": 1, "f1": 0.1427806532214885}
{"adapter": "fr", "num_seeds": 1, "f1": 0.07149240393208221}
{"adapter": "ar", "num_seeds": 1, "f1": 0.03575259206292456}
{"adapter": "bh", "num_seeds": 1, "f1": 0.03575259206292456}
{"adapter": "bn", "num_seeds": 1, "f1": 0.03575259206292456}
{"adapter": "es", "num_seeds": 1, "f1": 0.03575259206292456}
{"adapter": "eu", "num_seeds": 1, "f1": 0.03575259206292456}
{"adapter": "fa", "num_seeds": 1, "f1": 0.03575259206292456}
{"adapter": "hi", "num_seeds": 1, "f1": 0.03575259206292456}
{"adapter": "hy", "num_seeds": 1, "f1": 0.03575259206292456}
{"adapter": "id", "num_seeds": 1, "f1": 0.03575259206292456}
{"adapter": "ilo", "num_seeds": 1, "f1": 0.03575259206292456}
{"adapter": "ja", "num_seeds": 1, "f1": 0.03575259206292456}
{"adapter": "jv", "num_seeds": 1, "f1": 0.03575259206292456}
{"adapter": "ka", "num_seeds": 1, "f1": 0.03575259206292456}
{"adapter": "ko", "num_seeds": 1, "f1": 0.03575259206292456}
{"adapter": "la", "num_seeds": 1, "f1": 0.03575259206292456}
{"adapter": "lv", "num_seeds": 1, "f1": 0.03575259206292456}
{"adapter": "mi", "num_seeds": 1, "f1": 0.03575259206292456}
{"adapter": "my", "num_seeds": 1, "f1": 0.03575259206292456}
{"adapter": "pt", "num_seeds": 1, "f1": 0.03575259206292456}
{"adapter": "se", "num_seeds": 1, "f1": 0.03575259206292456}
{"adapter": "sw", "num_seeds": 1, "f1": 0.03575259206292456}
{"adapter": "tr", "num_seeds": 1, "f1": 0.03575259206292456}
{"adapter": "wo", "num_seeds": 1, "f1": 0.03575259206292456}
{"adapter": "zh", "num_seeds": 1, "f1": 0.03575259206292456}
{"adapter": "fi", "num_seeds": 1, "f1": 0.0357398141529664}
{"adapter": "is", "num_seeds": 1, "f1": 0.03572704537334763}
{"adapter": "myv", "num_seeds": 1, "f1": 0.03572704537334763}
{"adapter": "vi", "num_seeds": 1, "f1": 0.03572704537334763}
{"adapter": "ht", "num_seeds": 1, "f1": 0.03554923569143263}
