{"adapter": "ka", "num_seeds": 3, "f1": 58.37731855040207}
{"adapter": "hu", "num_seeds": 3, "f1": 58.260028777087655}
{"adapter": "bh", "num_seeds": 3, "f1": 57.86111349083604}
{"adapter": "eu", "num_seeds": 3, "f1": 57.79669590303076}
{"adapter": "cs", "num_seeds": 3, "f1": 57.53634309916179}
{"adapter": "la", "num_seeds": 3, "f1": 57.2666596518429}
{"adapter": "pt", "num_seeds": 3, "f1": 57.13456767635753}
{"adapter": "el", "num_seeds": 3, "f1": 57.08295671978249}
{"adapter": "fa", "num_seeds": 3, "f1": 56.90308943902597}
{"adapter": "qu", "num_seeds": 3, "f1": 56.866934959805256}
{"adapter": "ar", "num_seeds": 3, "f1": 56.809360629496496}
{"adapter": "hy", "num_seeds": 3, "f1": 56.59039729186989}
{"adapter": "id", "num_seeds": 3, "f1": 56.53204050101041}
{"adapter": "zh_yue", "num_seeds": 3, "f1": 56.231100940087146}
{"adapter": "lv", "num_seeds": 3, "f1": 56.22023513770083}
{"adapter": "my", "num_seeds": 3, "f1": 56.140682044754556}
{"adapter": "tr", "num_seeds": 3, "f1": 56.1021687743012}
{"adapter": "bxr", "num_seeds": 3, "f1": 56.07180922912161}
{"adapter": "bn", "num_seeds": 3, "f1": 55.7916222511191}
{"adapter": "en", "num_seeds": 3, "f1": 55.783367158647394}
{"adapter": "am", "num_seeds": 3, "f1": 55.71787920025425}
{"adapter": "myv", "num_seeds": 3, "f1": 55.64122359432596}
{"adapter": "zh", "num_seeds": 3, "f1": 55.38674255686691}
{"adapter": "jv", "num_seeds": 3, "f1": 55.314248304957836}
{"adapter": "vi", "num_seeds": 3, "f1": 55.2410199458107}
{"adapter": "fr", "num_seeds": 3, "f1": 55.149859777969816}
{"adapter": "ja", "num_seeds": 3, "f1": 54.97668573526601}
{"adapter": "de", "num_seeds": 3, "f1": 54.76853314425896}
{"adapter": "ru", "num_seeds": 3, "f1": 53.89287882365875}
{"adapter": "es", "num_seeds": 3, "f1": 53.79636090985807}
{"adapter": "et", "num_seeds": 3, "f1": 53.61820018230554}
{"adapter": "fi", "num_seeds": 3, "f1": 53.20667112174721}
{"adapter": "ht", "num_seeds": 3, "f1": 52.75877379252114}
{"adapter": "hi", "num_seeds": 3, "f1": 52.160591967745894}
{"adapter": "cdo", "num_seeds": 3, "f1": 52.051969247701464}
{"adapter": "ko", "num_seeds": 3, "f1": 51.82122527697398}
{"adapter": "ilo", "num_seeds": 3, "f1": 51.36993102080131}
{"adapter": "gn", "num_seeds": 3, "f1": 51.2077923168658}
{"adapter": "xmf", "num_seeds": 3, "f1": 51.139761364416444}
{"adapter": "mhr", "num_seeds": 3, "f1": 50.874479680130065}
{"adapter": "is", "num_seeds": 3, "f1": 50.29415261229335}
{"adapter": "mi", "num_seeds": 3, "f1": 50.04965577861457}
{"adapter": "sw", "num_seeds": 3, "f1": 49.796271507365624}
{"adapter": "tk", "num_seeds": 3, "f1": 49.63610162903945}
{"adapter": "kv", "num_seeds": 3, "f1": 48.62774813132984}
{"adapter": "se", "num_seeds": 3, "f1": 48.31880129743663}
{"adapter": "wo", "num_seeds": 3, "f1": 44.06451933536663}
