{"adapter": "hu", "num_seeds": 1, "f1": 58.55745721271393}
{"adapter": "eu", "num_seeds": 1, "f1": 58.46527986611405}
{"adapter": "ka", "num_seeds": 1, "f1": 58.370355019622565}
{"adapter": "hy", "num_seeds": 1, "f1": 58.30465733273792}
{"adapter": "fa", "num_seeds": 1, "f1": 58.25711415262972}
{"adapter": "la", "num_seeds": 1, "f1": 58.05141374701921}
{"adapter": "pt", "num_seeds": 1, "f1": 57.87480218953485}
{"adapter": "ru", "num_seeds": 1, "f1": 57.859776596898385}
{"adapter": "bh", "num_seeds": 1, "f1": 57.656290871043694}
{"adapter": "fr", "num_seeds": 1, "f1": 57.430126852647746}
{"adapter": "lv", "num_seeds": 1, "f1": 57.401317927189076}
{"adapter": "cs", "num_seeds": 1, "f1": 57.242691307217456}
{"adapter": "ar", "num_seeds": 1, "f1": 57.00047644188053}
{"adapter": "zh", "num_seeds": 1, "f1": 56.99216040415146}
{"adapter": "ja", "num_seeds": 1, "f1": 56.76292097365789}
{"adapter": "tr", "num_seeds": 1, "f1": 56.696213570749876}
{"adapter": "ko", "num_seeds": 1, "f1": 56.65581357802115}
{"adapter": "my", "num_seeds": 1, "f1": 56.43726929998555}
{"adapter": "zh_yue", "num_seeds": 1, "f1": 56.41858367162833}
{"adapter": "id", "num_seeds": 1, "f1": 56.31440957350154}
{"adapter": "bn", "num_seeds": 1, "f1": 56.09145289163974}
{"adapter": "el", "num_seeds": 1, "f1": 55.93871769978589}
{"adapter": "en", "num_seeds": 1, "f1": 55.915201654601866}
{"adapter": "jv", "num_seeds": 1, "f1": 55.85906057694804}
{"adapter": "bxr", "num_seeds": 1, "f1": 55.78869480193441}
{"adapter": "am", "num_seeds": 1, "f1": 55.59433804304427}
{"adapter": "vi", "num_seeds": 1, "f1": 55.53861263310246}
{"adapter": "qu", "num_seeds": 1, "f1": 55.23418197443335}
{"adapter": "de", "num_seeds": 1, "f1": 55.18178993163455}
{"adapter": "myv", "num_seeds": 1, "f1": 55.132537754778745}
{"adapter": "fi", "num_seeds": 1, "f1": 54.404872861887455}
{"adapter": "xmf", "num_seeds": 1, "f1": 54.26744139664136}
{"adapter": "es", "num_seeds": 1, "f1": 54.017775692652535}
{"adapter": "hi", "num_seeds": 1, "f1": 53.77750708365332}
{"adapter": "mhr", "num_seeds": 1, "f1": 53.73742686213924}
{"adapter": "et", "num_seeds": 1, "f1": 53.73122581491441}
{"adapter": "ilo", "num_seeds": 1, "f1": 52.9051542846562}
{"adapter": "sw", "num_seeds": 1, "f1": 52.37658978228066}
{"adapter": "tk", "num_seeds": 1, "f1": 51.9320520235101}
{"adapter": "gn", "num_seeds": 1, "f1": 51.390475678436545}
{"adapter": "mi", "num_seeds": 1, "f1": 51.32158302520349}
{"adapter": "ht", "num_seeds": 1, "f1": 50.80424568429594}
{"adapter": "is", "num_seeds": 1, "f1": 50.42307438452907}
{"adapter": "cdo", "num_seeds": 1, "f1": 50.27213062269891}
{"adapter": "kv", "num_seeds": 1, "f1": 49.48682168520717}
{"adapter": "se", "num_seeds": 1, "f1": 49.35426291474171}
{"adapter": "wo", "num_seeds": 1, "f1": 49.29320685919624}
