{"adapter": "ka", "num_seeds": 1, "f1": 59.839850976029396}
{"adapter": "eu", "num_seeds": 1, "f1": 59.27574136966337}
{"adapter": "hu", "num_seeds": 1, "f1": 59.00895057724737}
{"adapter": "qu", "num_seeds": 1, "f1": 58.890006351894975}
{"adapter": "cs", "num_seeds": 1, "f1": 58.73128824830835}
{"adapter": "el", "num_seeds": 1, "f1": 58.24275362318841}
{"adapter": "my", "num_seeds": 1, "f1": 58.05435108142245}
{"adapter": "bh", "num_seeds": 1, "f1": 57.52189392167563}
{"adapter": "la", "num_seeds": 1, "f1": 57.48135831016654}
{"adapter": "myv", "num_seeds": 1, "f1": 57.429866149776046}
{"adapter": "id", "num_seeds": 1, "f1": 57.166511435372044}
{"adapter": "ht", "num_seeds": 1, "f1": 56.96838891374727}
{"adapter": "bxr", "num_seeds": 1, "f1": 56.902423832809866}
{"adapter": "ar", "num_seeds": 1, "f1": 56.85275268319049}
{"adapter": "fa", "num_seeds": 1, "f1": 56.62507427213309}
{"adapter": "pt", "num_seeds": 1, "f1": 56.609269474661026}
{"adapter": "hy", "num_seeds": 1, "f1": 56.54336338203294}
{"adapter": "zh_yue", "num_seeds": 1, "f1": 56.27297262562653}
{"adapter": "en", "num_seeds": 1, "f1": 56.04758586875176}
{"adapter": "am", "num_seeds": 1, "f1": 56.03497188837881}
{"adapter": "lv", "num_seeds": 1, "f1": 55.96996632822881}
{"adapter": "tr", "num_seeds": 1, "f1": 55.93410129351953}
{"adapter": "cdo", "num_seeds": 1, "f1": 55.809191268163985}
{"adapter": "bn", "num_seeds": 1, "f1": 55.802475482950534}
{"adapter": "jv", "num_seeds": 1, "f1": 55.326332066232844}
{"adapter": "vi", "num_seeds": 1, "f1": 55.31300367481141}
{"adapter": "es", "num_seeds": 1, "f1": 55.282861362614774}
{"adapter": "et", "num_seeds": 1, "f1": 55.01756016940399}
{"adapter": "gn", "num_seeds": 1, "f1": 54.9363161119585}
{"adapter": "mhr", "num_seeds": 1, "f1": 54.47890835311434}
{"adapter": "de", "num_seeds": 1, "f1": 54.3784256709812}
{"adapter": "ja", "num_seeds": 1, "f1": 53.996411176621386}
{"adapter": "ilo", "num_seeds": 1, "f1": 53.82313351890331}
{"adapter": "ru", "num_seeds": 1, "f1": 53.728336389699614}
{"adapter": "xmf", "num_seeds": 1, "f1": 53.641698308595096}
{"adapter": "zh", "num_seeds": 1, "f1": 53.6184042172066}
{"adapter": "fr", "num_seeds": 1, "f1": 53.508252439683815}
{"adapter": "hi", "num_seeds": 1, "f1": 53.35222279065497}
{"adapter": "tk", "num_seeds": 1, "f1": 52.623340098963936}
{"adapter": "fi", "num_seeds": 1, "f1": 51.73473869126043}
{"adapter": "is", "num_seeds": 1, "f1": 51.37704118937363}
{"adapter": "mi", "num_seeds": 1, "f1": 51.042030504133194}
{"adapter": "ko", "num_seeds": 1, "f1": 50.08556759840273}
{"adapter": "sw", "num_seeds": 1, "f1": 49.937041896960785}
{"adapter": "se", "num_seeds": 1, "f1": 49.709889654457854}
{"adapter": "kv", "num_seeds": 1, "f1": 49.500292416661246}
{"adapter": "wo", "num_seeds": 1, "f1": 41.2570868621824}
