{"adapter": "bh", "num_seeds": 1, "f1": 58.4051556797888}
{"adapter": "hu", "num_seeds": 1, "f1": 57.21367854130167}
{"adapter": "el", "num_seeds": 1, "f1": 57.06739883637315}
{"adapter": "ka", "num_seeds": 1, "f1": 56.921749655554265}
{"adapter": "pt", "num_seeds": 1, "f1": 56.919631364876686}
{"adapter": "cs", "num_seeds": 1, "f1": 56.63504974195956}
{"adapter": "ar", "num_seeds": 1, "f1": 56.57485276341846}
{"adapter": "qu", "num_seeds": 1, "f1": 56.476616553087446}
{"adapter": "la", "num_seeds": 1, "f1": 56.26720689834295}
{"adapter": "id", "num_seeds": 1, "f1": 56.11520049415763}
{"adapter": "zh_yue", "num_seeds": 1, "f1": 56.00174652300658}
{"adapter": "fa", "num_seeds": 1, "f1": 55.8270798923151}
{"adapter": "tr", "num_seeds": 1, "f1": 55.67619145863419}
{"adapter": "eu", "num_seeds": 1, "f1": 55.64906647331485}
{"adapter": "zh", "num_seeds": 1, "f1": 55.54966304924267}
{"adapter": "am", "num_seeds": 1, "f1": 55.524327669339655}
{"adapter": "bxr", "num_seeds": 1, "f1": 55.52430905262056}
{"adapter": "bn", "num_seeds": 1, "f1": 55.48093837876705}
{"adapter": "en", "num_seeds": 1, "f1": 55.387313952588556}
{"adapter": "lv", "num_seeds": 1, "f1": 55.28942115768463}
{"adapter": "hy", "num_seeds": 1, "f1": 54.923171160838805}
{"adapter": "vi", "num_seeds": 1, "f1": 54.87144352951822}
{"adapter": "jv", "num_seeds": 1, "f1": 54.757352271692625}
{"adapter": "de", "num_seeds": 1, "f1": 54.74538383016113}
{"adapter": "fr", "num_seeds": 1, "f1": 54.51120004157788}
{"adapter": "myv", "num_seeds": 1, "f1": 54.361266878423066}
{"adapter": "ja", "num_seeds": 1, "f1": 54.17072505551875}
{"adapter": "my", "num_seeds": 1, "f1": 53.93042575285567}
{"adapter": "fi", "num_seeds": 1, "f1": 53.48040181209376}
{"adapter": "et", "num_seeds": 1, "f1": 52.105814562598226}
{"adapter": "es", "num_seeds": 1, "f1": 52.088445674306904}
{"adapter": "ht", "num_seeds": 1, "f1": 50.50368677952021}
{"adapter": "ru", "num_seeds": 1, "f1": 50.09052348437824}
{"adapter": "cdo", "num_seeds": 1, "f1": 50.074585852241505}
{"adapter": "hi", "num_seeds": 1, "f1": 49.352046028929394}
{"adapter": "is", "num_seeds": 1, "f1": 49.08234226297735}
{"adapter": "ko", "num_seeds": 1, "f1": 48.722294654498036}
{"adapter": "mi", "num_seeds": 1, "f1": 47.78535380650703}
{"adapter": "ilo", "num_seeds": 1, "f1": 47.38150525884441}
{"adapter": "gn", "num_seeds": 1, "f1": 47.29658516020236}
{"adapter": "sw", "num_seeds": 1, "f1": 47.075182842855426}
{"adapter": "kv", "num_seeds": 1, "f1": 46.8961302921211}
{"adapter": "se", "num_seeds": 1, "f1": 45.89225132311032}
{"adapter": "xmf", "num_seeds": 1, "f1": 45.510144388012876}
{"adapter": "mhr", "num_seeds": 1, "f1": 44.407103825136616}
{"adapter": "tk", "num_seeds": 1, "f1": 44.35291276464433}
{"adapter": "wo", "num_seeds": 1, "f1": 41.64326428472125}
