{"adapter": "eu", "num_seeds": 3, "f1": 65.95947553511684}
{"adapter": "vi", "num_seeds": 3, "f1": 61.22926180676679}
{"adapter": "pt", "num_seeds": 3, "f1": 60.80567999040474}
{"adapter": "zh_yue", "num_seeds": 3, "f1": 60.77405108204389}
{"adapter": "cs", "num_seeds": 3, "f1": 60.61371346200429}
{"adapter": "fr", "num_seeds": 3, "f1": 60.3957463487075}
{"adapter": "de", "num_seeds": 3, "f1": 60.36479290889613}
{"adapter": "ka", "num_seeds": 3, "f1": 59.99300299309029}
{"adapter": "hy", "num_seeds": 3, "f1": 59.83296642381072}
{"adapter": "en", "num_seeds": 3, "f1": 59.55968842688967}
{"adapter": "id", "num_seeds": 3, "f1": 59.239741069904916}
{"adapter": "ru", "num_seeds": 3, "f1": 58.83693689846975}
{"adapter": "zh", "num_seeds": 3, "f1": 58.660020651343764}
{"adapter": "am", "num_seeds": 3, "f1": 58.51395857891841}
{"adapter": "el", "num_seeds": 3, "f1": 58.06953666784548}
{"adapter": "my", "num_seeds": 3, "f1": 57.85233432306864}
{"adapter": "ja", "num_seeds": 3, "f1": 57.77855087441401}
{"adapter": "ko", "num_seeds": 3, "f1": 57.651080791425564}
{"adapter": "fa", "num_seeds": 3, "f1": 57.053370467658056}
{"adapter": "bn", "num_seeds": 3, "f1": 56.734765741172794}
{"adapter": "hi", "num_seeds": 3, "f1": 56.63203669772337}
{"adapter": "la", "num_seeds": 3, "f1": 56.59242376227999}
{"adapter": "ar", "num_seeds": 3, "f1": 56.569961829340265}
{"adapter": "tr", "num_seeds": 3, "f1": 56.22423624643546}
{"adapter": "es", "num_seeds": 3, "f1": 56.00462530123942}
{"adapter": "hu", "num_seeds": 3, "f1": 55.93060881004002}
{"adapter": "bh", "num_seeds": 3, "f1": 54.64565706914764}
{"adapter": "jv", "num_seeds": 3, "f1": 53.46084641210283}
{"adapter": "fi", "num_seeds": 3, "f1": 52.96935471405201}
{"adapter": "lv", "num_seeds": 3, "f1": 52.17207923400454}
{"adapter": "qu", "num_seeds": 3, "f1": 51.79975038237418}
{"adapter": "bxr", "num_seeds": 3, "f1": 51.30306186426952}
{"adapter": "mhr", "num_seeds": 3, "f1": 51.29703988262472}
{"adapter": "xmf", "num_seeds": 3, "f1": 50.65687717018898}
{"adapter": "cdo", "num_seeds": 3, "f1": 50.32156983371821}
{"adapter": "ht", "num_seeds": 3, "f1": 49.71491750757056}
{"adapter": "et", "num_seeds": 3, "f1": 48.87674193998591}
{"adapter": "is", "num_seeds": 3, "f1": 48.34705248105225}
{"adapter": "kv", "num_seeds": 3, "f1": 47.889294566208}
{"adapter": "myv", "num_seeds": 3, "f1": 47.66130515980773}
{"adapter": "gn", "num_seeds": 3, "f1": 46.211086941785545}
{"adapter": "ilo", "num_seeds": 3, "f1": 44.65854517957333}
{"adapter": "mi", "num_seeds": 3, "f1": 44.34044254346234}
{"adapter": "tk", "num_seeds": 3, "f1": 43.054670984026245}
{"adapter": "se", "num_seeds": 3, "f1": 42.07721074941174}
{"adapter": "sw", "num_seeds": 3, "f1": 41.47043733771597}
{"adapter": "wo", "num_seeds": 3, "f1": 38.47411249908679}
