{"adapter": "eu", "num_seeds": 1, "f1": 68.01939645026128}
{"adapter": "de", "num_seeds": 1, "f1": 63.35937315616813}
{"adapter": "vi", "num_seeds": 1, "f1": 63.30405213941626}
{"adapter": "zh_yue", "num_seeds": 1, "f1": 62.213568256832794}
{"adapter": "cs", "num_seeds": 1, "f1": 61.96465151731696}
{"adapter": "pt", "num_seeds": 1, "f1": 61.818871323268}
{"adapter": "ka", "num_seeds": 1, "f1": 61.48927540381266}
{"adapter": "en", "num_seeds": 1, "f1": 61.291172595520415}
{"adapter": "fr", "num_seeds": 1, "f1": 61.22906627224582}
{"adapter": "zh", "num_seeds": 1, "f1": 60.93275643630627}
{"adapter": "ja", "num_seeds": 1, "f1": 60.759312320916905}
{"adapter": "ru", "num_seeds": 1, "f1": 60.73298429319372}
{"adapter": "am", "num_seeds": 1, "f1": 60.35157193219685}
{"adapter": "hy", "num_seeds": 1, "f1": 60.21124230594208}
{"adapter": "id", "num_seeds": 1, "f1": 60.05096330165988}
{"adapter": "ko", "num_seeds": 1, "f1": 59.41123145188225}
{"adapter": "my", "num_seeds": 1, "f1": 59.03083700440529}
{"adapter": "hi", "num_seeds": 1, "f1": 58.96653637143674}
{"adapter": "el", "num_seeds": 1, "f1": 58.37422658416899}
{"adapter": "es", "num_seeds": 1, "f1": 57.979011908973}
{"adapter": "bn", "num_seeds": 1, "f1": 57.809115849256386}
{"adapter": "fa", "num_seeds": 1, "f1": 56.99999999999999}
{"adapter": "hu", "num_seeds": 1, "f1": 56.473835871855094}
{"adapter": "la", "num_seeds": 1, "f1": 56.425102280067954}
{"adapter": "tr", "num_seeds": 1, "f1": 56.26608306678531}
{"adapter": "bh", "num_seeds": 1, "f1": 55.56694396109933}
{"adapter": "ar", "num_seeds": 1, "f1": 55.43326765031}
{"adapter": "qu", "num_seeds": 1, "f1": 55.07103440178466}
{"adapter": "bxr", "num_seeds": 1, "f1": 53.57777615465148}
{"adapter": "fi", "num_seeds": 1, "f1": 53.461752534907916}
{"adapter": "mhr", "num_seeds": 1, "f1": 52.66542804058882}
{"adapter": "lv", "num_seeds": 1, "f1": 52.630050810549236}
{"adapter": "jv", "num_seeds": 1, "f1": 52.36403519229393}
{"adapter": "ht", "num_seeds": 1, "f1": 50.75987105218509}
{"adapter": "xmf", "num_seeds": 1, "f1": 49.68100729470111}
{"adapter": "cdo", "num_seeds": 1, "f1": 49.603879579392135}
{"adapter": "et", "num_seeds": 1, "f1": 48.83403923859598}
{"adapter": "is", "num_seeds": 1, "f1": 48.553186363088784}
{"adapter": "myv", "num_seeds": 1, "f1": 48.05116447447809}
{"adapter": "kv", "num_seeds": 1, "f1": 46.6402599558834}
{"adapter": "gn", "num_seeds": 1, "f1": 45.19562715765248}
{"adapter": "ilo", "num_seeds": 1, "f1": 43.041571740035764}
{"adapter": "mi", "num_seeds": 1, "f1": 42.78114197455196}
{"adapter": "tk", "num_seeds": 1, "f1": 41.58048394279776}
{"adapter": "se", "num_seeds": 1, "f1": 40.46126726079718}
{"adapter": "sw", "num_seeds": 1, "f1": 38.84506767942351}
{"adapter": "wo", "num_seeds": 1, "f1": 37.79330021152049}
