{"adapter": "eu", "num_seeds": 1, "f1": 65.78565135604923}
{"adapter": "fr", "num_seeds": 1, "f1": 60.43705074885209}
{"adapter": "vi", "num_seeds": 1, "f1": 59.78712669085318}
{"adapter": "zh_yue", "num_seeds": 1, "f1": 59.54869072040545}
{"adapter": "pt", "num_seeds": 1, "f1": 59.514472006351816}
{"adapter": "cs", "num_seeds": 1, "f1": 59.33784436926051}
{"adapter": "id", "num_seeds": 1, "f1": 59.31925561662328}
{"adapter": "el", "num_seeds": 1, "f1": 59.24960791410303}
{"adapter": "ka", "num_seeds": 1, "f1": 59.021399316579014}
{"adapter": "hy", "num_seeds": 1, "f1": 58.97065201677027}
{"adapter": "de", "num_seeds": 1, "f1": 58.77574702639977}
{"adapter": "ko", "num_seeds": 1, "f1": 58.54237863254078}
{"adapter": "en", "num_seeds": 1, "f1": 57.97009691715774}
{"adapter": "ru", "num_seeds": 1, "f1": 57.64059279615271}
{"adapter": "my", "num_seeds": 1, "f1": 57.03381122473945}
{"adapter": "am", "num_seeds": 1, "f1": 56.93087489899361}
{"adapter": "zh", "num_seeds": 1, "f1": 56.92424651151384}
{"adapter": "la", "num_seeds": 1, "f1": 56.892492171760075}
{"adapter": "fa", "num_seeds": 1, "f1": 56.72628304821151}
{"adapter": "bn", "num_seeds": 1, "f1": 56.65962971051417}
{"adapter": "ar", "num_seeds": 1, "f1": 56.4465675695337}
{"adapter": "hi", "num_seeds": 1, "f1": 56.37031808999975}
{"adapter": "tr", "num_seeds": 1, "f1": 56.14877315488312}
{"adapter": "ja", "num_seeds": 1, "f1": 55.938697318007655}
{"adapter": "hu", "num_seeds": 1, "f1": 55.09770914147698}
{"adapter": "es", "num_seeds": 1, "f1": 54.807386572092454}
{"adapter": "bh", "num_seeds": 1, "f1": 53.68656861790202}
{"adapter": "jv", "num_seeds": 1, "f1": 53.584150685599965}
{"adapter": "fi", "num_seeds": 1, "f1": 52.82632041394123}
{"adapter": "xmf", "num_seeds": 1, "f1": 52.39428461092874}
{"adapter": "mhr", "num_seeds": 1, "f1": 52.20398421898592}
{"adapter": "lv", "num_seeds": 1, "f1": 51.579846285226296}
{"adapter": "cdo", "num_seeds": 1, "f1": 51.36695242072168}
{"adapter": "qu", "num_seeds": 1, "f1": 50.4342341468148}
{"adapter": "et", "num_seeds": 1, "f1": 50.11524692266196}
{"adapter": "bxr", "num_seeds": 1, "f1": 49.01714343170278}
{"adapter": "kv", "num_seeds": 1, "f1": 48.97657577772852}
{"adapter": "is", "num_seeds": 1, "f1": 48.97301257784834}
{"adapter": "ht", "num_seeds": 1, "f1": 48.71200157915515}
{"adapter": "myv", "num_seeds": 1, "f1": 47.68476392680214}
{"adapter": "gn", "num_seeds": 1, "f1": 46.569995800499}
{"adapter": "ilo", "num_seeds": 1, "f1": 46.226368527568}
{"adapter": "mi", "num_seeds": 1, "f1": 45.54297401107397}
{"adapter": "sw", "num_seeds": 1, "f1": 45.423645320197046}
{"adapter": "tk", "num_seeds": 1, "f1": 44.732380108819434}
{"adapter": "wo", "num_seeds": 1, "f1": 43.092941205497034}
{"adapter": "se", "num_seeds": 1, "f1": 42.58380229997554}
