{"adapter": "eu", "num_seeds": 1, "f1": 64.07337879903999}
{"adapter": "pt", "num_seeds": 1, "f1": 61.08369664159441}
{"adapter": "vi", "num_seeds": 1, "f1": 60.59660659003095}
{"adapter": "zh_yue", "num_seeds": 1, "f1": 60.55989426889343}
{"adapter": "cs", "num_seeds": 1, "f1": 60.538644499435414}
{"adapter": "hy", "num_seeds": 1, "f1": 60.31700494871978}
{"adapter": "fr", "num_seeds": 1, "f1": 59.52112202502462}
{"adapter": "ka", "num_seeds": 1, "f1": 59.468334258879196}
{"adapter": "en", "num_seeds": 1, "f1": 59.417795767990874}
{"adapter": "de", "num_seeds": 1, "f1": 58.95925854412049}
{"adapter": "id", "num_seeds": 1, "f1": 58.349004291431605}
{"adapter": "am", "num_seeds": 1, "f1": 58.25942890556477}
{"adapter": "ru", "num_seeds": 1, "f1": 58.13723360606281}
{"adapter": "zh", "num_seeds": 1, "f1": 58.12305900621118}
{"adapter": "ar", "num_seeds": 1, "f1": 57.83005026817711}
{"adapter": "my", "num_seeds": 1, "f1": 57.49235474006116}
{"adapter": "fa", "num_seeds": 1, "f1": 57.43382835476266}
{"adapter": "ja", "num_seeds": 1, "f1": 56.63764298431746}
{"adapter": "el", "num_seeds": 1, "f1": 56.58477550526444}
{"adapter": "la", "num_seeds": 1, "f1": 56.459676835011955}
{"adapter": "tr", "num_seeds": 1, "f1": 56.25785251763795}
{"adapter": "hu", "num_seeds": 1, "f1": 56.22028141678798}
{"adapter": "bn", "num_seeds": 1, "f1": 55.73555166374782}
{"adapter": "es", "num_seeds": 1, "f1": 55.22747742265282}
{"adapter": "ko", "num_seeds": 1, "f1": 54.999632289853665}
{"adapter": "bh", "num_seeds": 1, "f1": 54.683458628441585}
{"adapter": "hi", "num_seeds": 1, "f1": 54.559255631733606}
{"adapter": "jv", "num_seeds": 1, "f1": 54.4343533584146}
{"adapter": "fi", "num_seeds": 1, "f1": 52.6199911933069}
{"adapter": "lv", "num_seeds": 1, "f1": 52.3063406062381}
{"adapter": "bxr", "num_seeds": 1, "f1": 51.31426600645431}
{"adapter": "cdo", "num_seeds": 1, "f1": 49.99387750104083}
{"adapter": "xmf", "num_seeds": 1, "f1": 49.89533960493707}
{"adapter": "qu", "num_seeds": 1, "f1": 49.893982598523074}
{"adapter": "ht", "num_seeds": 1, "f1": 49.67287989137144}
{"adapter": "mhr", "num_seeds": 1, "f1": 49.02170738829943}
{"adapter": "kv", "num_seeds": 1, "f1": 48.05104796501207}
{"adapter": "et", "num_seeds": 1, "f1": 47.68093965869979}
{"adapter": "is", "num_seeds": 1, "f1": 47.51495850221964}
{"adapter": "myv", "num_seeds": 1, "f1": 47.24798707814297}
{"adapter": "gn", "num_seeds": 1, "f1": 46.86763786720516}
{"adapter": "ilo", "num_seeds": 1, "f1": 44.70769527111624}
{"adapter": "mi", "num_seeds": 1, "f1": 44.69721164476109}
{"adapter": "se", "num_seeds": 1, "f1": 43.186562687462505}
{"adapter": "tk", "num_seeds": 1, "f1": 42.85114890046153}
{"adapter": "sw", "num_seeds": 1, "f1": 40.14259901352738}
{"adapter": "wo", "num_seeds": 1, "f1": 34.53609608024284}
