{"adapter": "fi", "num_seeds": 3, "f1": 77.98553174760458}
{"adapter": "pt", "num_seeds": 3, "f1": 77.00609738423003}
{"adapter": "ka", "num_seeds": 3, "f1": 76.82017203600253}
{"adapter": "cs", "num_seeds": 3, "f1": 76.32451205283712}
{"adapter": "en", "num_seeds": 3, "f1": 76.20516056568427}
{"adapter": "vi", "num_seeds": 3, "f1": 75.78379874613672}
{"adapter": "zh_yue", "num_seeds": 3, "f1": 75.73956048852128}
{"adapter": "id", "num_seeds": 3, "f1": 75.47943869297951}
{"adapter": "hy", "num_seeds": 3, "f1": 75.16963285796089}
{"adapter": "de", "num_seeds": 3, "f1": 75.1138997343089}
{"adapter": "hu", "num_seeds": 3, "f1": 74.93538470712105}
{"adapter": "am", "num_seeds": 3, "f1": 74.74280114702493}
{"adapter": "fr", "num_seeds": 3, "f1": 74.52813055603134}
{"adapter": "ja", "num_seeds": 3, "f1": 74.4678618201854}
{"adapter": "bn", "num_seeds": 3, "f1": 74.34947965761297}
{"adapter": "tr", "num_seeds": 3, "f1": 74.27861113497637}
{"adapter": "zh", "num_seeds": 3, "f1": 74.23858983087901}
{"adapter": "ru", "num_seeds": 3, "f1": 73.91439304645921}
{"adapter": "es", "num_seeds": 3, "f1": 73.60088452913236}
{"adapter": "el", "num_seeds": 3, "f1": 73.38810451385837}
{"adapter": "fa", "num_seeds": 3, "f1": 73.32812373406928}
{"adapter": "my", "num_seeds": 3, "f1": 73.03744982463525}
{"adapter": "eu", "num_seeds": 3, "f1": 72.98574990709282}
{"adapter": "ar", "num_seeds": 3, "f1": 72.39430596773097}
{"adapter": "lv", "num_seeds": 3, "f1": 71.83659263923134}
{"adapter": "bh", "num_seeds": 3, "f1": 71.6818811718366}
{"adapter": "la", "num_seeds": 3, "f1": 70.53267548197248}
{"adapter": "ko", "num_seeds": 3, "f1": 70.43115957528748}
{"adapter": "bxr", "num_seeds": 3, "f1": 68.73873888358843}
{"adapter": "hi", "num_seeds": 3, "f1": 68.5731354025749}
{"adapter": "myv", "num_seeds": 3, "f1": 66.36932013780954}
{"adapter": "qu", "num_seeds": 3, "f1": 65.02897367712347}
{"adapter": "jv", "num_seeds": 3, "f1": 65.02237341335973}
{"adapter": "ht", "num_seeds": 3, "f1": 64.71831572921123}
{"adapter": "mhr", "num_seeds": 3, "f1": 63.404200941535294}
{"adapter": "et", "num_seeds": 3, "f1": 61.43466204006305}
{"adapter": "is", "num_seeds": 3, "f1": 61.338091507541435}
{"adapter": "kv", "num_seeds": 3, "f1": 61.291490039940605}
{"adapter": "xmf", "num_seeds": 3, "f1": 60.44942112136605}
{"adapter": "cdo", "num_seeds": 3, "f1": 60.184446927649844}
{"adapter": "se", "num_seeds": 3, "f1": 57.970282889705295}
{"adapter": "mi", "num_seeds": 3, "f1": 57.318260464451384}
{"adapter": "ilo", "num_seeds": 3, "f1": 56.282755412628624}
{"adapter": "sw", "num_seeds": 3, "f1": 54.214284007413795}
{"adapter": "gn", "num_seeds": 3, "f1": 52.27565729470393}
{"adapter": "tk", "num_seeds": 3, "f1": 50.11643709898391}
{"adapter": "wo", "num_seeds": 3, "f1": 43.46420339059915}
