{"adapter": "ja", "num_seeds": 1, "f1": 68.29086815922771}
{"adapter": "zh_yue", "num_seeds": 1, "f1": 67.70592395771605}
{"adapter": "my", "num_seeds": 1, "f1": 67.25252350630517}
{"adapter": "hy", "num_seeds": 1, "f1": 67.14405904623504}
{"adapter": "tr", "num_seeds": 1, "f1": 66.8984355599702}
{"adapter": "pt", "num_seeds": 1, "f1": 66.71785913113591}
{"adapter": "vi", "num_seeds": 1, "f1": 66.60424051902882}
{"adapter": "id", "num_seeds": 1, "f1": 66.43699660266442}
{"adapter": "zh", "num_seeds": 1, "f1": 65.97771956590574}
{"adapter": "es", "num_seeds": 1, "f1": 65.68740527504791}
{"adapter": "fr", "num_seeds": 1, "f1": 65.45968936315649}
{"adapter": "hu", "num_seeds": 1, "f1": 65.21225849177937}
{"adapter": "en", "num_seeds": 1, "f1": 64.78800314495562}
{"adapter": "de", "num_seeds": 1, "f1": 64.67378775071083}
{"adapter": "eu", "num_seeds": 1, "f1": 64.47638603696099}
{"adapter": "fa", "num_seeds": 1, "f1": 64.34809371753934}
{"adapter": "cdo", "num_seeds": 1, "f1": 64.23557839828167}
{"adapter": "am", "num_seeds": 1, "f1": 64.0916498897517}
{"adapter": "cs", "num_seeds": 1, "f1": 64.03148463022754}
{"adapter": "ka", "num_seeds": 1, "f1": 63.56682769726248}
{"adapter": "bn", "num_seeds": 1, "f1": 63.49727720632724}
{"adapter": "jv", "num_seeds": 1, "f1": 63.30131104150203}
{"adapter": "lv", "num_seeds": 1, "f1": 63.0910171148207}
{"adapter": "fi", "num_seeds": 1, "f1": 62.973956982429854}
{"adapter": "la", "num_seeds": 1, "f1": 62.952294368151584}
{"adapter": "qu", "num_seeds": 1, "f1": 62.55738836226315}
{"adapter": "ar", "num_seeds": 1, "f1": 62.417800886985766}
{"adapter": "ht", "num_seeds": 1, "f1": 62.18311699625403}
{"adapter": "et", "num_seeds": 1, "f1": 62.116994326555385}
{"adapter": "ru", "num_seeds": 1, "f1": 61.98263908674758}
{"adapter": "hi", "num_seeds": 1, "f1": 61.92915973860252}
{"adapter": "is", "num_seeds": 1, "f1": 61.43801997460533}
{"adapter": "bh", "num_seeds": 1, "f1": 60.624719144094605}
{"adapter": "sw", "num_seeds": 1, "f1": 60.59429680586875}
{"adapter": "gn", "num_seeds": 1, "f1": 60.474981215700815}
{"adapter": "el", "num_seeds": 1, "f1": 59.55757781112347}
{"adapter": "ko", "num_seeds": 1, "f1": 59.37535729257976}
{"adapter": "tk", "num_seeds": 1, "f1": 58.697187527210446}
{"adapter": "ilo", "num_seeds": 1, "f1": 58.65345927614813}
{"adapter": "mi", "num_seeds": 1, "f1": 58.226614167208226}
{"adapter": "xmf", "num_seeds": 1, "f1": 58.1827548703467}
{"adapter": "se", "num_seeds": 1, "f1": 58.13393715095758}
{"adapter": "mhr", "num_seeds": 1, "f1": 57.993724446134834}
{"adapter": "bxr", "num_seeds": 1, "f1": 56.83131082076534}
{"adapter": "myv", "num_seeds": 1, "f1": 54.70587666824511}
{"adapter": "kv", "num_seeds": 1, "f1": 53.39785277254011}
{"adapter": "wo", "num_seeds": 1, "f1": 48.86052693299977}
