{"adapter": "hi", "num_seeds": 1, "f1": 65.57828103053508}
{"adapter": "tr", "num_seeds": 1, "f1": 65.2035507169717}
{"adapter": "my", "num_seeds": 1, "f1": 64.25630171252645}
{"adapter": "zh_yue", "num_seeds": 1, "f1": 63.996694564287836}
{"adapter": "id", "num_seeds": 1, "f1": 63.99547884059081}
{"adapter": "pt", "num_seeds": 1, "f1": 63.852339534120425}
{"adapter": "ja", "num_seeds": 1, "f1": 63.69584097269131}
{"adapter": "ka", "num_seeds": 1, "f1": 63.22503564959341}
{"adapter": "hu", "num_seeds": 1, "f1": 63.141225586640424}
{"adapter": "vi", "num_seeds": 1, "f1": 62.99836076574288}
{"adapter": "cdo", "num_seeds": 1, "f1": 62.79935212679805}
{"adapter": "hy", "num_seeds": 1, "f1": 62.45111698294499}
{"adapter": "zh", "num_seeds": 1, "f1": 62.41454334477591}
{"adapter": "de", "num_seeds": 1, "f1": 62.29457722356925}
{"adapter": "bn", "num_seeds": 1, "f1": 62.123334653694926}
{"adapter": "cs", "num_seeds": 1, "f1": 62.06346460627727}
{"adapter": "en", "num_seeds": 1, "f1": 61.34776704452427}
{"adapter": "eu", "num_seeds": 1, "f1": 61.02917139395804}
{"adapter": "el", "num_seeds": 1, "f1": 60.39014473110993}
{"adapter": "am", "num_seeds": 1, "f1": 60.24851911165996}
{"adapter": "la", "num_seeds": 1, "f1": 59.958472161861984}
{"adapter": "lv", "num_seeds": 1, "f1": 59.410024381547125}
{"adapter": "fr", "num_seeds": 1, "f1": 59.170521182094404}
{"adapter": "fa", "num_seeds": 1, "f1": 59.05125408942203}
{"adapter": "jv", "num_seeds": 1, "f1": 58.0957958505746}
{"adapter": "qu", "num_seeds": 1, "f1": 57.65015846347703}
{"adapter": "et", "num_seeds": 1, "f1": 57.51335155695205}
{"adapter": "ru", "num_seeds": 1, "f1": 57.324619073400875}
{"adapter": "bxr", "num_seeds": 1, "f1": 57.00008732522826}
{"adapter": "mi", "num_seeds": 1, "f1": 56.9543757816453}
{"adapter": "es", "num_seeds": 1, "f1": 56.87092745175877}
{"adapter": "ar", "num_seeds": 1, "f1": 56.14909482298868}
{"adapter": "bh", "num_seeds": 1, "f1": 56.072540054558736}
{"adapter": "gn", "num_seeds": 1, "f1": 55.77466963966834}
{"adapter": "ko", "num_seeds": 1, "f1": 55.43779426866365}
{"adapter": "tk", "num_seeds": 1, "f1": 54.83494692639683}
{"adapter": "ht", "num_seeds": 1, "f1": 54.093082440040085}
{"adapter": "sw", "num_seeds": 1, "f1": 53.30460325435783}
{"adapter": "myv", "num_seeds": 1, "f1": 53.28970862167144}
{"adapter": "is", "num_seeds": 1, "f1": 53.06493581868658}
{"adapter": "ilo", "num_seeds": 1, "f1": 52.82818224881816}
{"adapter": "fi", "num_seeds": 1, "f1": 52.31558691468891}
{"adapter": "xmf", "num_seeds": 1, "f1": 52.17671152720889}
{"adapter": "se", "num_seeds": 1, "f1": 51.49802585739723}
{"adapter": "kv", "num_seeds": 1, "f1": 50.97792895520081}
{"adapter": "wo", "num_seeds": 1, "f1": 41.63544942807348}
{"adapter": "mhr", "num_seeds": 1, "f1": 40.95561755008876}
