{"adapter": "zh_yue", "num_seeds": 1, "f1": 69.30091185410335}
{"adapter": "tr", "num_seeds": 1, "f1": 67.48466257668713}
{"adapter": "am", "num_seeds": 1, "f1": 66.45865834633385}
{"adapter": "vi", "num_seeds": 1, "f1": 66.26139817629179}
{"adapter": "cs", "num_seeds": 1, "f1": 66.25954198473282}
{"adapter": "pt", "num_seeds": 1, "f1": 66.2557781201849}
{"adapter": "hu", "num_seeds": 1, "f1": 65.74074074074076}
{"adapter": "ka", "num_seeds": 1, "f1": 65.23076923076923}
{"adapter": "bn", "num_seeds": 1, "f1": 64.92307692307693}
{"adapter": "eu", "num_seeds": 1, "f1": 64.70588235294117}
{"adapter": "la", "num_seeds": 1, "f1": 63.1578947368421}
{"adapter": "fa", "num_seeds": 1, "f1": 62.893081761006286}
{"adapter": "id", "num_seeds": 1, "f1": 62.69113149847095}
{"adapter": "ja", "num_seeds": 1, "f1": 62.538699690402474}
{"adapter": "de", "num_seeds": 1, "f1": 62.249614791987675}
{"adapter": "hy", "num_seeds": 1, "f1": 61.846153846153854}
{"adapter": "lv", "num_seeds": 1, "f1": 61.44393241167434}
{"adapter": "zh", "num_seeds": 1, "f1": 61.34969325153376}
{"adapter": "en", "num_seeds": 1, "f1": 61.255742725880545}
{"adapter": "es", "num_seeds": 1, "f1": 59.006211180124225}
{"adapter": "fr", "num_seeds": 1, "f1": 59.006211180124225}
{"adapter": "bxr", "num_seeds": 1, "f1": 56.68789808917198}
{"adapter": "bh", "num_seeds": 1, "f1": 56.2111801242236}
{"adapter": "jv", "num_seeds": 1, "f1": 55.676516329704505}
{"adapter": "el", "num_seeds": 1, "f1": 55.13016845329249}
{"adapter": "my", "num_seeds": 1, "f1": 55.118110236220474}
{"adapter": "ar", "num_seeds": 1, "f1": 53.333333333333336}
{"adapter": "hi", "num_seeds": 1, "f1": 52.97805642633229}
{"adapter": "cdo", "num_seeds": 1, "f1": 50.77881619937694}
{"adapter": "ht", "num_seeds": 1, "f1": 50.63291139240506}
{"adapter": "ko", "num_seeds": 1, "f1": 50.5564387917329}
{"adapter": "fi", "num_seeds": 1, "f1": 50.464396284829725}
{"adapter": "sw", "num_seeds": 1, "f1": 50.32051282051282}
{"adapter": "qu", "num_seeds": 1, "f1": 50.07776049766719}
{"adapter": "et", "num_seeds": 1, "f1": 49.605055292259074}
{"adapter": "tk", "num_seeds": 1, "f1": 48.580441640378545}
{"adapter": "ru", "num_seeds": 1, "f1": 47.46835443037975}
{"adapter": "gn", "num_seeds": 1, "f1": 47.15189873417721}
{"adapter": "is", "num_seeds": 1, "f1": 45.32488114104596}
{"adapter": "ilo", "num_seeds": 1, "f1": 44.55128205128205}
{"adapter": "se", "num_seeds": 1, "f1": 41.40233722871452}
{"adapter": "kv", "num_seeds": 1, "f1": 41.204437400950866}
{"adapter": "wo", "num_seeds": 1, "f1": 40.58441558441559}
{"adapter": "mi", "num_seeds": 1, "f1": 40.514469453376215}
{"adapter": "myv", "num_seeds": 1, "f1": 37.171052631578945}
{"adapter": "mhr", "num_seeds": 1, "f1": 36.162361623616235}
{"adapter": "xmf", "num_seeds": 1, "f1": 36.16}
