{"adapter": "wo", "num_seeds": 3, "f1": 65.70584170387177}
{"adapter": "ht", "num_seeds": 3, "f1": 31.194000979834556}
{"adapter": "zh_yue", "num_seeds": 3, "f1": 29.36788458802486}
{"adapter": "ja", "num_seeds": 3, "f1": 28.885307406344154}
{"adapter": "cs", "num_seeds": 3, "f1": 28.37351917873883}
{"adapter": "ka", "num_seeds": 3, "f1": 27.97092623442532}
{"adapter": "en", "num_seeds": 3, "f1": 27.66731216656717}
{"adapter": "eu", "num_seeds": 3, "f1": 27.438344207417305}
{"adapter": "hu", "num_seeds": 3, "f1": 27.437667239938136}
{"adapter": "pt", "num_seeds": 3, "f1": 27.059325244743377}
{"adapter": "am", "num_seeds": 3, "f1": 27.03502807472203}
{"adapter": "la", "num_seeds": 3, "f1": 26.934124407347635}
{"adapter": "id", "num_seeds": 3, "f1": 26.90934979000059}
{"adapter": "se", "num_seeds": 3, "f1": 26.843975458933883}
{"adapter": "bn", "num_seeds": 3, "f1": 26.79749685491973}
{"adapter": "zh", "num_seeds": 3, "f1": 26.732097716423596}
{"adapter": "qu", "num_seeds": 3, "f1": 26.70887134700348}
{"adapter": "fa", "num_seeds": 3, "f1": 26.70676596331116}
{"adapter": "es", "num_seeds": 3, "f1": 26.61851001784112}
{"adapter": "el", "num_seeds": 3, "f1": 26.42786127603947}
{"adapter": "jv", "num_seeds": 3, "f1": 26.25911925685624}
{"adapter": "bh", "num_seeds": 3, "f1": 26.149683193228835}
{"adapter": "fr", "num_seeds": 3, "f1": 26.100954384627858}
{"adapter": "de", "num_seeds": 3, "f1": 25.979167956378713}
{"adapter": "hi", "num_seeds": 3, "f1": 25.97452088534155}
{"adapter": "hy", "num_seeds": 3, "f1": 25.943383224390033}
{"adapter": "ilo", "num_seeds": 3, "f1": 25.88878193174854}
{"adapter": "vi", "num_seeds": 3, "f1": 25.768943095760136}
{"adapter": "tk", "num_seeds": 3, "f1": 25.6460278054894}
{"adapter": "cdo", "num_seeds": 3, "f1": 25.398224069283376}
{"adapter": "tr", "num_seeds": 3, "f1": 25.19559417505504}
{"adapter": "ru", "num_seeds": 3, "f1": 25.104073416265383}
{"adapter": "gn", "num_seeds": 3, "f1": 24.507963795870143}
{"adapter": "fi", "num_seeds": 3, "f1": 24.482305172443215}
{"adapter": "my", "num_seeds": 3, "f1": 24.48142115245334}
{"adapter": "xmf", "num_seeds": 3, "f1": 24.364693532776055}
{"adapter": "ar", "num_seeds": 3, "f1": 24.35134802396519}
{"adapter": "sw", "num_seeds": 3, "f1": 24.21191196986079}
{"adapter": "bxr", "num_seeds": 3, "f1": 24.199953824053335}
{"adapter": "mhr", "num_seeds": 3, "f1": 24.060335544208638}
{"adapter": "myv", "num_seeds": 3, "f1": 23.904747220456485}
{"adapter": "is", "num_seeds": 3, "f1": 23.8789653506436}
{"adapter": "kv", "num_seeds": 3, "f1": 23.57777814297786}
{"adapter": "ko", "num_seeds": 3, "f1": 23.231182699726485}
{"adapter": "lv", "num_seeds": 3, "f1": 22.945830220742195}
{"adapter": "et", "num_seeds": 3, "f1": 22.66524428245224}
{"adapter": "mi", "num_seeds": 3, "f1": 22.307500900541232}
