{"adapter": "wo", "num_seeds": 1, "f1": 66.57276466279791}
{"adapter": "ht", "num_seeds": 1, "f1": 28.600976730824478}
{"adapter": "zh_yue", "num_seeds": 1, "f1": 26.769284184942997}
{"adapter": "zh", "num_seeds": 1, "f1": 25.871658393636743}
{"adapter": "am", "num_seeds": 1, "f1": 25.663099115867844}
{"adapter": "bh", "num_seeds": 1, "f1": 24.73520249221184}
{"adapter": "el", "num_seeds": 1, "f1": 24.679943100995736}
{"adapter": "ja", "num_seeds": 1, "f1": 24.404508071885473}
{"adapter": "qu", "num_seeds": 1, "f1": 24.399494310998733}
{"adapter": "hi", "num_seeds": 1, "f1": 23.914935953239645}
{"adapter": "en", "num_seeds": 1, "f1": 23.690582388173826}
{"adapter": "gn", "num_seeds": 1, "f1": 23.666151468315302}
{"adapter": "es", "num_seeds": 1, "f1": 23.35568447223687}
{"adapter": "cs", "num_seeds": 1, "f1": 23.297199072623595}
{"adapter": "ka", "num_seeds": 1, "f1": 23.254938852304793}
{"adapter": "fr", "num_seeds": 1, "f1": 23.1774933260319}
{"adapter": "se", "num_seeds": 1, "f1": 23.13068216958377}
{"adapter": "de", "num_seeds": 1, "f1": 23.044397463002117}
{"adapter": "tk", "num_seeds": 1, "f1": 22.90020663668409}
{"adapter": "hu", "num_seeds": 1, "f1": 22.815564694716866}
{"adapter": "id", "num_seeds": 1, "f1": 22.678212851405622}
{"adapter": "ilo", "num_seeds": 1, "f1": 22.441107590577214}
{"adapter": "my", "num_seeds": 1, "f1": 22.419633156515626}
{"adapter": "la", "num_seeds": 1, "f1": 22.416544328844065}
{"adapter": "bxr", "num_seeds": 1, "f1": 22.30349780555925}
{"adapter": "jv", "num_seeds": 1, "f1": 22.232601588042968}
{"adapter": "pt", "num_seeds": 1, "f1": 22.205626089121232}
{"adapter": "mhr", "num_seeds": 1, "f1": 22.159308286785524}
{"adapter": "eu", "num_seeds": 1, "f1": 22.13057547109955}
{"adapter": "ru", "num_seeds": 1, "f1": 22.12383702277831}
{"adapter": "myv", "num_seeds": 1, "f1": 22.02675462708448}
{"adapter": "vi", "num_seeds": 1, "f1": 21.997309589392096}
{"adapter": "hy", "num_seeds": 1, "f1": 21.988661698197337}
{"adapter": "ar", "num_seeds": 1, "f1": 21.78503508426782}
{"adapter": "fa", "num_seeds": 1, "f1": 21.67263260657338}
{"adapter": "is", "num_seeds": 1, "f1": 21.587752729151866}
{"adapter": "bn", "num_seeds": 1, "f1": 21.424094271029208}
{"adapter": "fi", "num_seeds": 1, "f1": 21.417565485362097}
{"adapter": "kv", "num_seeds": 1, "f1": 21.119352663519894}
{"adapter": "ko", "num_seeds": 1, "f1": 21.058075956849414}
{"adapter": "xmf", "num_seeds": 1, "f1": 21.015649952091984}
{"adapter": "cdo", "num_seeds": 1, "f1": 20.945165018620777}
{"adapter": "sw", "num_seeds": 1, "f1": 20.865916460041962}
{"adapter": "tr", "num_seeds": 1, "f1": 20.630783265997657}
{"adapter": "et", "num_seeds": 1, "f1": 20.276754050483273}
{"adapter": "mi", "num_seeds": 1, "f1": 19.826822117679143}
{"adapter": "lv", "num_seeds": 1, "f1": 19.78973407544836}
