{"adapter": "wo", "num_seeds": 1, "f1": 66.5288332588288}
{"adapter": "ht", "num_seeds": 1, "f1": 32.41434998269697}
{"adapter": "zh_yue", "num_seeds": 1, "f1": 31.521489312801656}
{"adapter": "cs", "num_seeds": 1, "f1": 31.035863410169878}
{"adapter": "fa", "num_seeds": 1, "f1": 30.917159763313613}
{"adapter": "ja", "num_seeds": 1, "f1": 30.87356321839081}
{"adapter": "eu", "num_seeds": 1, "f1": 30.718695135073908}
{"adapter": "hu", "num_seeds": 1, "f1": 30.613734628558586}
{"adapter": "ka", "num_seeds": 1, "f1": 30.58580763498796}
{"adapter": "ilo", "num_seeds": 1, "f1": 29.795051380676274}
{"adapter": "en", "num_seeds": 1, "f1": 29.587264150943394}
{"adapter": "se", "num_seeds": 1, "f1": 29.5398428731762}
{"adapter": "pt", "num_seeds": 1, "f1": 29.473926028026646}
{"adapter": "hy", "num_seeds": 1, "f1": 29.369171059491393}
{"adapter": "vi", "num_seeds": 1, "f1": 29.165422068223908}
{"adapter": "jv", "num_seeds": 1, "f1": 29.08983451536643}
{"adapter": "qu", "num_seeds": 1, "f1": 28.9210360798216}
{"adapter": "id", "num_seeds": 1, "f1": 28.90456148333523}
{"adapter": "bn", "num_seeds": 1, "f1": 28.89320832380517}
{"adapter": "la", "num_seeds": 1, "f1": 28.628206672287128}
{"adapter": "tr", "num_seeds": 1, "f1": 28.09774132054763}
{"adapter": "hi", "num_seeds": 1, "f1": 28.06358890127295}
{"adapter": "tk", "num_seeds": 1, "f1": 27.541371158392437}
{"adapter": "es", "num_seeds": 1, "f1": 27.267990505413074}
{"adapter": "am", "num_seeds": 1, "f1": 27.10737808931053}
{"adapter": "fr", "num_seeds": 1, "f1": 27.034718269778036}
{"adapter": "el", "num_seeds": 1, "f1": 26.91261676717512}
{"adapter": "bh", "num_seeds": 1, "f1": 26.91059309530835}
{"adapter": "de", "num_seeds": 1, "f1": 26.875187969924813}
{"adapter": "cdo", "num_seeds": 1, "f1": 26.82293170140292}
{"adapter": "zh", "num_seeds": 1, "f1": 26.369843364507435}
{"adapter": "fi", "num_seeds": 1, "f1": 26.103866392129945}
{"adapter": "ar", "num_seeds": 1, "f1": 25.78323204908844}
{"adapter": "bxr", "num_seeds": 1, "f1": 25.720300751879694}
{"adapter": "gn", "num_seeds": 1, "f1": 25.530694205393}
{"adapter": "ru", "num_seeds": 1, "f1": 25.34744066342579}
{"adapter": "my", "num_seeds": 1, "f1": 25.099368716389993}
{"adapter": "sw", "num_seeds": 1, "f1": 24.93337281610897}
{"adapter": "is", "num_seeds": 1, "f1": 24.8866380071845}
{"adapter": "kv", "num_seeds": 1, "f1": 24.542238222332564}
{"adapter": "mhr", "num_seeds": 1, "f1": 24.388824214202565}
{"adapter": "myv", "num_seeds": 1, "f1": 24.229293054351864}
{"adapter": "mi", "num_seeds": 1, "f1": 24.12397363247369}
{"adapter": "lv", "num_seeds": 1, "f1": 24.083446488087894}
{"adapter": "ko", "num_seeds": 1, "f1": 24.061927554216155}
{"adapter": "et", "num_seeds": 1, "f1": 23.44619666048238}
{"adapter": "xmf", "num_seeds": 1, "f1": 22.542759407069553}
