{"adapter": "wo", "num_seeds": 1, "f1": 64.01592718998862}
{"adapter": "ht", "num_seeds": 1, "f1": 32.56667622598222}
{"adapter": "ja", "num_seeds": 1, "f1": 31.377850928756175}
{"adapter": "cs", "num_seeds": 1, "f1": 30.78749505342303}
{"adapter": "bn", "num_seeds": 1, "f1": 30.075187969924816}
{"adapter": "ka", "num_seeds": 1, "f1": 30.072032215983214}
{"adapter": "zh_yue", "num_seeds": 1, "f1": 29.812880266329927}
{"adapter": "la", "num_seeds": 1, "f1": 29.75762222091171}
{"adapter": "en", "num_seeds": 1, "f1": 29.724089960584287}
{"adapter": "xmf", "num_seeds": 1, "f1": 29.535671239166618}
{"adapter": "pt", "num_seeds": 1, "f1": 29.49842361708226}
{"adapter": "eu", "num_seeds": 1, "f1": 29.46576201607845}
{"adapter": "es", "num_seeds": 1, "f1": 29.231855075873426}
{"adapter": "id", "num_seeds": 1, "f1": 29.14527503526093}
{"adapter": "hu", "num_seeds": 1, "f1": 28.88370239653896}
{"adapter": "cdo", "num_seeds": 1, "f1": 28.426575487826444}
{"adapter": "am", "num_seeds": 1, "f1": 28.33460701898771}
{"adapter": "fr", "num_seeds": 1, "f1": 28.090651558073652}
{"adapter": "de", "num_seeds": 1, "f1": 28.017918436209204}
{"adapter": "zh", "num_seeds": 1, "f1": 27.954791391126605}
{"adapter": "se", "num_seeds": 1, "f1": 27.86140133404167}
{"adapter": "ru", "num_seeds": 1, "f1": 27.840942562592048}
{"adapter": "el", "num_seeds": 1, "f1": 27.691023959947554}
{"adapter": "fa", "num_seeds": 1, "f1": 27.53050552004649}
{"adapter": "jv", "num_seeds": 1, "f1": 27.454921667159326}
{"adapter": "tr", "num_seeds": 1, "f1": 26.858257938619833}
{"adapter": "sw", "num_seeds": 1, "f1": 26.83644663343144}
{"adapter": "qu", "num_seeds": 1, "f1": 26.80608365019011}
{"adapter": "bh", "num_seeds": 1, "f1": 26.803253992166315}
{"adapter": "tk", "num_seeds": 1, "f1": 26.496505621391677}
{"adapter": "hy", "num_seeds": 1, "f1": 26.47231691548137}
{"adapter": "vi", "num_seeds": 1, "f1": 26.144097629664397}
{"adapter": "hi", "num_seeds": 1, "f1": 25.945037801512054}
{"adapter": "fi", "num_seeds": 1, "f1": 25.925483639837594}
{"adapter": "my", "num_seeds": 1, "f1": 25.925261584454407}
{"adapter": "mhr", "num_seeds": 1, "f1": 25.632874131637823}
{"adapter": "ar", "num_seeds": 1, "f1": 25.485776938539317}
{"adapter": "myv", "num_seeds": 1, "f1": 25.458193979933114}
{"adapter": "ilo", "num_seeds": 1, "f1": 25.430186823992134}
{"adapter": "is", "num_seeds": 1, "f1": 25.162505315594437}
{"adapter": "kv", "num_seeds": 1, "f1": 25.07174354308112}
{"adapter": "lv", "num_seeds": 1, "f1": 24.964310098690337}
{"adapter": "bxr", "num_seeds": 1, "f1": 24.57606291472106}
{"adapter": "ko", "num_seeds": 1, "f1": 24.573544588113887}
{"adapter": "gn", "num_seeds": 1, "f1": 24.327045713902123}
{"adapter": "et", "num_seeds": 1, "f1": 24.27278213639107}
{"adapter": "mi", "num_seeds": 1, "f1": 22.971706951470868}
