{"adapter": "en", "num_seeds": 3, "f1": 62.730802283051865}
{"adapter": "vi", "num_seeds": 3, "f1": 62.55384934729117}
{"adapter": "am", "num_seeds": 3, "f1": 62.46164272464986}
{"adapter": "fa", "num_seeds": 3, "f1": 62.401541697295755}
{"adapter": "ka", "num_seeds": 3, "f1": 62.02188342669698}
{"adapter": "id", "num_seeds": 3, "f1": 61.96904365329083}
{"adapter": "de", "num_seeds": 3, "f1": 61.78788787322747}
{"adapter": "pt", "num_seeds": 3, "f1": 61.67159126836998}
{"adapter": "eu", "num_seeds": 3, "f1": 61.56119664975208}
{"adapter": "zh", "num_seeds": 3, "f1": 61.47775838529258}
{"adapter": "cs", "num_seeds": 3, "f1": 61.450625320660954}
{"adapter": "tr", "num_seeds": 3, "f1": 61.32016171352754}
{"adapter": "bn", "num_seeds": 3, "f1": 61.09174336478494}
{"adapter": "hu", "num_seeds": 3, "f1": 61.08146344667258}
{"adapter": "hy", "num_seeds": 3, "f1": 60.93341073310515}
{"adapter": "fr", "num_seeds": 3, "f1": 60.93233455518527}
{"adapter": "es", "num_seeds": 3, "f1": 60.926169126406855}
{"adapter": "jv", "num_seeds": 3, "f1": 60.885576136723756}
{"adapter": "my", "num_seeds": 3, "f1": 60.658128171193404}
{"adapter": "ar", "num_seeds": 3, "f1": 60.617940941600686}
{"adapter": "bh", "num_seeds": 3, "f1": 60.50258654046905}
{"adapter": "lv", "num_seeds": 3, "f1": 60.481775980263215}
{"adapter": "zh_yue", "num_seeds": 3, "f1": 60.44751029554329}
{"adapter": "fi", "num_seeds": 3, "f1": 60.43693270923857}
{"adapter": "la", "num_seeds": 3, "f1": 60.35545540881456}
{"adapter": "el", "num_seeds": 3, "f1": 59.921969641810286}
{"adapter": "ja", "num_seeds": 3, "f1": 59.81442329667297}
{"adapter": "ru", "num_seeds": 3, "f1": 59.431462134233385}
{"adapter": "ht", "num_seeds": 3, "f1": 59.41691338826999}
{"adapter": "bxr", "num_seeds": 3, "f1": 59.2833036404669}
{"adapter": "cdo", "num_seeds": 3, "f1": 59.080340008193}
{"adapter": "is", "num_seeds": 3, "f1": 59.00050658244951}
{"adapter": "hi", "num_seeds": 3, "f1": 58.975669260510465}
{"adapter": "ilo", "num_seeds": 3, "f1": 58.89750530655175}
{"adapter": "qu", "num_seeds": 3, "f1": 58.85543163276179}
{"adapter": "gn", "num_seeds": 3, "f1": 58.75246956187248}
{"adapter": "mi", "num_seeds": 3, "f1": 58.00884611728034}
{"adapter": "sw", "num_seeds": 3, "f1": 57.957125098181756}
{"adapter": "mhr", "num_seeds": 3, "f1": 57.70322896631774}
{"adapter": "tk", "num_seeds": 3, "f1": 57.57575187744217}
{"adapter": "myv", "num_seeds": 3, "f1": 57.33914781135371}
{"adapter": "ko", "num_seeds": 3, "f1": 56.820645955248814}
{"adapter": "xmf", "num_seeds": 3, "f1": 56.13156613847894}
{"adapter": "kv", "num_seeds": 3, "f1": 55.87519499030437}
{"adapter": "et", "num_seeds": 3, "f1": 55.85978282377973}
{"adapter": "se", "num_seeds": 3, "f1": 54.75298407646117}
{"adapter": "wo", "num_seeds": 3, "f1": 53.79141595420765}
