{"adapter": "de", "num_seeds": 1, "f1": 63.79859497384641}
{"adapter": "de", "num_seeds": 1, "f1": 63.79859497384641}
{"adapter": "es", "num_seeds": 1, "f1": 63.23106466997845}
{"adapter": "es", "num_seeds": 1, "f1": 63.23106466997845}
{"adapter": "en", "num_seeds": 1, "f1": 63.176440976591984}
{"adapter": "en", "num_seeds": 1, "f1": 63.176440976591984}
{"adapter": "vi", "num_seeds": 1, "f1": 63.096135213693614}
{"adapter": "vi", "num_seeds": 1, "f1": 63.096135213693614}
{"adapter": "fa", "num_seeds": 1, "f1": 63.013993734684526}
{"adapter": "fa", "num_seeds": 1, "f1": 63.013993734684526}
{"adapter": "ka", "num_seeds": 1, "f1": 62.79688133759972}
{"adapter": "ka", "num_seeds": 1, "f1": 62.79688133759972}
{"adapter": "fr", "num_seeds": 1, "f1": 62.69590222861251}
{"adapter": "fr", "num_seeds": 1, "f1": 62.69590222861251}
{"adapter": "eu", "num_seeds": 1, "f1": 62.57454154149665}
{"adapter": "eu", "num_seeds": 1, "f1": 62.57454154149665}
{"adapter": "am", "num_seeds": 1, "f1": 62.46939489331933}
{"adapter": "am", "num_seeds": 1, "f1": 62.46939489331933}
{"adapter": "tr", "num_seeds": 1, "f1": 62.33841005388581}
{"adapter": "tr", "num_seeds": 1, "f1": 62.33841005388581}
{"adapter": "id", "num_seeds": 1, "f1": 62.310076822858186}
{"adapter": "id", "num_seeds": 1, "f1": 62.310076822858186}
{"adapter": "pt", "num_seeds": 1, "f1": 62.29832544921487}
{"adapter": "pt", "num_seeds": 1, "f1": 62.29832544921487}
{"adapter": "cs", "num_seeds": 1, "f1": 62.15680114885787}
{"adapter": "cs", "num_seeds": 1, "f1": 62.15680114885787}
{"adapter": "zh", "num_seeds": 1, "f1": 61.95971370326798}
{"adapter": "zh", "num_seeds": 1, "f1": 61.95971370326798}
{"adapter": "ar", "num_seeds": 1, "f1": 61.72629752469431}
{"adapter": "ar", "num_seeds": 1, "f1": 61.72629752469431}
{"adapter": "my", "num_seeds": 1, "f1": 61.698396568314465}
{"adapter": "my", "num_seeds": 1, "f1": 61.698396568314465}
{"adapter": "bn", "num_seeds": 1, "f1": 61.691345245060525}
{"adapter": "bn", "num_seeds": 1, "f1": 61.691345245060525}
{"adapter": "hy", "num_seeds": 1, "f1": 61.68770453482936}
{"adapter": "hy", "num_seeds": 1, "f1": 61.68770453482936}
{"adapter": "jv", "num_seeds": 1, "f1": 61.656048656355466}
{"adapter": "jv", "num_seeds": 1, "f1": 61.656048656355466}
{"adapter": "bh", "num_seeds": 1, "f1": 61.644599553860544}
{"adapter": "bh", "num_seeds": 1, "f1": 61.644599553860544}
{"adapter": "fi", "num_seeds": 1, "f1": 61.56095080716919}
{"adapter": "fi", "num_seeds": 1, "f1": 61.56095080716919}
{"adapter": "la", "num_seeds": 1, "f1": 61.48716238746249}
{"adapter": "la", "num_seeds": 1, "f1": 61.48716238746249}
{"adapter": "ru", "num_seeds": 1, "f1": 61.42046381751918}
{"adapter": "ru", "num_seeds": 1, "f1": 61.42046381751918}
{"adapter": "hu", "num_seeds": 1, "f1": 61.32039745369953}
{"adapter": "hu", "num_seeds": 1, "f1": 61.32039745369953}
{"adapter": "zh_yue", "num_seeds": 1, "f1": 61.16297822775737}
{"adapter": "zh_yue", "num_seeds": 1, "f1": 61.16297822775737}
{"adapter": "lv", "num_seeds": 1, "f1": 61.04505800881373}
{"adapter": "lv", "num_seeds": 1, "f1": 61.04505800881373}
{"adapter": "ko", "num_seeds": 1, "f1": 61.04484345393847}
{"adapter": "ko", "num_seeds": 1, "f1": 61.04484345393847}
{"adapter": "ja", "num_seeds": 1, "f1": 60.91952984541997}
{"adapter": "ja", "num_seeds": 1, "f1": 60.91952984541997}
{"adapter": "is", "num_seeds": 1, "f1": 60.90127637405575}
{"adapter": "is", "num_seeds": 1, "f1": 60.90127637405575}
{"adapter": "el", "num_seeds": 1, "f1": 60.65581180895209}
{"adapter": "el", "num_seeds": 1, "f1": 60.65581180895209}
{"adapter": "ht", "num_seeds": 1, "f1": 60.4937045895573}
{"adapter": "ht", "num_seeds": 1, "f1": 60.4937045895573}
{"adapter": "hi", "num_seeds": 1, "f1": 60.48147681678332}
{"adapter": "hi", "num_seeds": 1, "f1": 60.48147681678332}
{"adapter": "ilo", "num_seeds": 1, "f1": 60.22016128304}
{"adapter": "ilo", "num_seeds": 1, "f1": 60.22016128304}
{"adapter": "sw", "num_seeds": 1, "f1": 59.836598944400265}
{"adapter": "sw", "num_seeds": 1, "f1": 59.836598944400265}
{"adapter": "bxr", "num_seeds": 1, "f1": 59.803281068524974}
{"adapter": "bxr", "num_seeds": 1, "f1": 59.803281068524974}
{"adapter": "mhr", "num_seeds": 1, "f1": 59.53480847698308}
{"adapter": "mhr", "num_seeds": 1, "f1": 59.53480847698308}
{"adapter": "gn", "num_seeds": 1, "f1": 59.41180220961263}
{"adapter": "gn", "num_seeds": 1, "f1": 59.41180220961263}
{"adapter": "tk", "num_seeds": 1, "f1": 59.37027386527214}
{"adapter": "tk", "num_seeds": 1, "f1": 59.37027386527214}
{"adapter": "cdo", "num_seeds": 1, "f1": 59.30025696778019}
{"adapter": "cdo", "num_seeds": 1, "f1": 59.30025696778019}
{"adapter": "qu", "num_seeds": 1, "f1": 59.147287525065096}
{"adapter": "qu", "num_seeds": 1, "f1": 59.147287525065096}
{"adapter": "mi", "num_seeds": 1, "f1": 58.77384907665019}
{"adapter": "mi", "num_seeds": 1, "f1": 58.77384907665019}
{"adapter": "kv", "num_seeds": 1, "f1": 58.20597406118668}
{"adapter": "kv", "num_seeds": 1, "f1": 58.20597406118668}
{"adapter": "myv", "num_seeds": 1, "f1": 58.18711321441573}
{"adapter": "myv", "num_seeds": 1, "f1": 58.18711321441573}
{"adapter": "et", "num_seeds": 1, "f1": 57.902772633233646}
{"adapter": "et", "num_seeds": 1, "f1": 57.902772633233646}
{"adapter": "xmf", "num_seeds": 1, "f1": 57.20797928594872}
{"adapter": "xmf", "num_seeds": 1, "f1": 57.20797928594872}
{"adapter": "se", "num_seeds": 1, "f1": 56.81826417829318}
{"adapter": "se", "num_seeds": 1, "f1": 56.81826417829318}
{"adapter": "wo", "num_seeds": 1, "f1": 56.39475414627019}
{"adapter": "wo", "num_seeds": 1, "f1": 56.39475414627019}
