{"adapter": "am", "num_seeds": 1, "f1": 62.85467065652377}
{"adapter": "am", "num_seeds": 1, "f1": 62.85467065652377}
{"adapter": "en", "num_seeds": 1, "f1": 62.7369027887872}
{"adapter": "en", "num_seeds": 1, "f1": 62.7369027887872}
{"adapter": "vi", "num_seeds": 1, "f1": 62.42691502833586}
{"adapter": "vi", "num_seeds": 1, "f1": 62.42691502833586}
{"adapter": "fa", "num_seeds": 1, "f1": 61.9194372937892}
{"adapter": "fa", "num_seeds": 1, "f1": 61.9194372937892}
{"adapter": "ka", "num_seeds": 1, "f1": 61.85192875391573}
{"adapter": "ka", "num_seeds": 1, "f1": 61.85192875391573}
{"adapter": "id", "num_seeds": 1, "f1": 61.733406374323096}
{"adapter": "id", "num_seeds": 1, "f1": 61.733406374323096}
{"adapter": "pt", "num_seeds": 1, "f1": 61.50237706470849}
{"adapter": "pt", "num_seeds": 1, "f1": 61.50237706470849}
{"adapter": "cs", "num_seeds": 1, "f1": 61.447897820862465}
{"adapter": "cs", "num_seeds": 1, "f1": 61.447897820862465}
{"adapter": "bn", "num_seeds": 1, "f1": 61.34583037248254}
{"adapter": "bn", "num_seeds": 1, "f1": 61.34583037248254}
{"adapter": "hu", "num_seeds": 1, "f1": 61.259162965370315}
{"adapter": "hu", "num_seeds": 1, "f1": 61.259162965370315}
{"adapter": "eu", "num_seeds": 1, "f1": 61.144108660579896}
{"adapter": "eu", "num_seeds": 1, "f1": 61.144108660579896}
{"adapter": "hy", "num_seeds": 1, "f1": 60.9643848497726}
{"adapter": "hy", "num_seeds": 1, "f1": 60.9643848497726}
{"adapter": "zh", "num_seeds": 1, "f1": 60.69077916379364}
{"adapter": "zh", "num_seeds": 1, "f1": 60.69077916379364}
{"adapter": "lv", "num_seeds": 1, "f1": 60.479025734797375}
{"adapter": "lv", "num_seeds": 1, "f1": 60.479025734797375}
{"adapter": "tr", "num_seeds": 1, "f1": 60.38263694612399}
{"adapter": "tr", "num_seeds": 1, "f1": 60.38263694612399}
{"adapter": "jv", "num_seeds": 1, "f1": 60.357802712811505}
{"adapter": "jv", "num_seeds": 1, "f1": 60.357802712811505}
{"adapter": "de", "num_seeds": 1, "f1": 60.324967853899345}
{"adapter": "de", "num_seeds": 1, "f1": 60.324967853899345}
{"adapter": "my", "num_seeds": 1, "f1": 59.888391046040944}
{"adapter": "my", "num_seeds": 1, "f1": 59.888391046040944}
{"adapter": "bxr", "num_seeds": 1, "f1": 59.718744329522764}
{"adapter": "bxr", "num_seeds": 1, "f1": 59.718744329522764}
{"adapter": "fi", "num_seeds": 1, "f1": 59.653697810764726}
{"adapter": "fi", "num_seeds": 1, "f1": 59.653697810764726}
{"adapter": "bh", "num_seeds": 1, "f1": 59.64366896973075}
{"adapter": "bh", "num_seeds": 1, "f1": 59.64366896973075}
{"adapter": "zh_yue", "num_seeds": 1, "f1": 59.62443426699898}
{"adapter": "zh_yue", "num_seeds": 1, "f1": 59.62443426699898}
{"adapter": "ar", "num_seeds": 1, "f1": 59.534732507314956}
{"adapter": "ar", "num_seeds": 1, "f1": 59.534732507314956}
{"adapter": "fr", "num_seeds": 1, "f1": 59.49357930909749}
{"adapter": "fr", "num_seeds": 1, "f1": 59.49357930909749}
{"adapter": "la", "num_seeds": 1, "f1": 59.40363242071023}
{"adapter": "la", "num_seeds": 1, "f1": 59.40363242071023}
{"adapter": "ja", "num_seeds": 1, "f1": 59.38243569677285}
{"adapter": "ja", "num_seeds": 1, "f1": 59.38243569677285}
{"adapter": "qu", "num_seeds": 1, "f1": 58.915963453811656}
{"adapter": "qu", "num_seeds": 1, "f1": 58.915963453811656}
{"adapter": "es", "num_seeds": 1, "f1": 58.62928404970352}
{"adapter": "es", "num_seeds": 1, "f1": 58.62928404970352}
{"adapter": "el", "num_seeds": 1, "f1": 58.49385773816519}
{"adapter": "el", "num_seeds": 1, "f1": 58.49385773816519}
{"adapter": "mi", "num_seeds": 1, "f1": 57.99872415744974}
{"adapter": "mi", "num_seeds": 1, "f1": 57.99872415744974}
{"adapter": "ru", "num_seeds": 1, "f1": 57.94469665703673}
{"adapter": "ru", "num_seeds": 1, "f1": 57.94469665703673}
{"adapter": "ht", "num_seeds": 1, "f1": 57.749461593682696}
{"adapter": "ht", "num_seeds": 1, "f1": 57.749461593682696}
{"adapter": "ilo", "num_seeds": 1, "f1": 57.73426775521999}
{"adapter": "ilo", "num_seeds": 1, "f1": 57.73426775521999}
{"adapter": "hi", "num_seeds": 1, "f1": 57.520652193561226}
{"adapter": "hi", "num_seeds": 1, "f1": 57.520652193561226}
{"adapter": "cdo", "num_seeds": 1, "f1": 56.931107587607556}
{"adapter": "cdo", "num_seeds": 1, "f1": 56.931107587607556}
{"adapter": "myv", "num_seeds": 1, "f1": 56.87709446608097}
{"adapter": "myv", "num_seeds": 1, "f1": 56.87709446608097}
{"adapter": "is", "num_seeds": 1, "f1": 56.86733859983656}
{"adapter": "is", "num_seeds": 1, "f1": 56.86733859983656}
{"adapter": "gn", "num_seeds": 1, "f1": 56.40840884117234}
{"adapter": "gn", "num_seeds": 1, "f1": 56.40840884117234}
{"adapter": "sw", "num_seeds": 1, "f1": 56.12585181963172}
{"adapter": "sw", "num_seeds": 1, "f1": 56.12585181963172}
{"adapter": "xmf", "num_seeds": 1, "f1": 55.17146650794378}
{"adapter": "xmf", "num_seeds": 1, "f1": 55.17146650794378}
{"adapter": "mhr", "num_seeds": 1, "f1": 54.97416661406815}
{"adapter": "mhr", "num_seeds": 1, "f1": 54.97416661406815}
{"adapter": "tk", "num_seeds": 1, "f1": 54.46741320169149}
{"adapter": "tk", "num_seeds": 1, "f1": 54.46741320169149}
{"adapter": "et", "num_seeds": 1, "f1": 54.37075185849083}
{"adapter": "et", "num_seeds": 1, "f1": 54.37075185849083}
{"adapter": "ko", "num_seeds": 1, "f1": 53.324397025658676}
{"adapter": "ko", "num_seeds": 1, "f1": 53.324397025658676}
{"adapter": "kv", "num_seeds": 1, "f1": 52.953318370694845}
{"adapter": "kv", "num_seeds": 1, "f1": 52.953318370694845}
{"adapter": "se", "num_seeds": 1, "f1": 52.67076459318848}
{"adapter": "se", "num_seeds": 1, "f1": 52.67076459318848}
{"adapter": "wo", "num_seeds": 1, "f1": 52.31837841800456}
{"adapter": "wo", "num_seeds": 1, "f1": 52.31837841800456}
