{"adapter": "en", "num_seeds": 1, "f1": 62.27906308377641}
{"adapter": "en", "num_seeds": 1, "f1": 62.27906308377641}
{"adapter": "fa", "num_seeds": 1, "f1": 62.27119406341354}
{"adapter": "fa", "num_seeds": 1, "f1": 62.27119406341354}
{"adapter": "vi", "num_seeds": 1, "f1": 62.13849779984406}
{"adapter": "vi", "num_seeds": 1, "f1": 62.13849779984406}
{"adapter": "am", "num_seeds": 1, "f1": 62.060862624106484}
{"adapter": "am", "num_seeds": 1, "f1": 62.060862624106484}
{"adapter": "id", "num_seeds": 1, "f1": 61.86364776269122}
{"adapter": "id", "num_seeds": 1, "f1": 61.86364776269122}
{"adapter": "zh", "num_seeds": 1, "f1": 61.782782288816115}
{"adapter": "zh", "num_seeds": 1, "f1": 61.782782288816115}
{"adapter": "ka", "num_seeds": 1, "f1": 61.416840188575506}
{"adapter": "ka", "num_seeds": 1, "f1": 61.416840188575506}
{"adapter": "de", "num_seeds": 1, "f1": 61.24010079193665}
{"adapter": "de", "num_seeds": 1, "f1": 61.24010079193665}
{"adapter": "tr", "num_seeds": 1, "f1": 61.23943814057283}
{"adapter": "tr", "num_seeds": 1, "f1": 61.23943814057283}
{"adapter": "pt", "num_seeds": 1, "f1": 61.21407129118658}
{"adapter": "pt", "num_seeds": 1, "f1": 61.21407129118658}
{"adapter": "cdo", "num_seeds": 1, "f1": 61.00965546919126}
{"adapter": "cdo", "num_seeds": 1, "f1": 61.00965546919126}
{"adapter": "eu", "num_seeds": 1, "f1": 60.96493974717969}
{"adapter": "eu", "num_seeds": 1, "f1": 60.96493974717969}
{"adapter": "es", "num_seeds": 1, "f1": 60.91815865953859}
{"adapter": "es", "num_seeds": 1, "f1": 60.91815865953859}
{"adapter": "cs", "num_seeds": 1, "f1": 60.74717699226253}
{"adapter": "cs", "num_seeds": 1, "f1": 60.74717699226253}
{"adapter": "hu", "num_seeds": 1, "f1": 60.6648299209479}
{"adapter": "hu", "num_seeds": 1, "f1": 60.6648299209479}
{"adapter": "jv", "num_seeds": 1, "f1": 60.642877041004304}
{"adapter": "jv", "num_seeds": 1, "f1": 60.642877041004304}
{"adapter": "el", "num_seeds": 1, "f1": 60.616239378313594}
{"adapter": "el", "num_seeds": 1, "f1": 60.616239378313594}
{"adapter": "fr", "num_seeds": 1, "f1": 60.60752212784581}
{"adapter": "fr", "num_seeds": 1, "f1": 60.60752212784581}
{"adapter": "ar", "num_seeds": 1, "f1": 60.59279279279279}
{"adapter": "ar", "num_seeds": 1, "f1": 60.59279279279279}
{"adapter": "zh_yue", "num_seeds": 1, "f1": 60.55511839187353}
{"adapter": "zh_yue", "num_seeds": 1, "f1": 60.55511839187353}
{"adapter": "gn", "num_seeds": 1, "f1": 60.437197634832465}
{"adapter": "gn", "num_seeds": 1, "f1": 60.437197634832465}
{"adapter": "my", "num_seeds": 1, "f1": 60.3875968992248}
{"adapter": "my", "num_seeds": 1, "f1": 60.3875968992248}
{"adapter": "bn", "num_seeds": 1, "f1": 60.23805447681176}
{"adapter": "bn", "num_seeds": 1, "f1": 60.23805447681176}
{"adapter": "bh", "num_seeds": 1, "f1": 60.21949109781589}
{"adapter": "bh", "num_seeds": 1, "f1": 60.21949109781589}
{"adapter": "la", "num_seeds": 1, "f1": 60.175571418270955}
{"adapter": "la", "num_seeds": 1, "f1": 60.175571418270955}
{"adapter": "hy", "num_seeds": 1, "f1": 60.14814281471348}
{"adapter": "hy", "num_seeds": 1, "f1": 60.14814281471348}
{"adapter": "fi", "num_seeds": 1, "f1": 60.0961495097818}
{"adapter": "fi", "num_seeds": 1, "f1": 60.0961495097818}
{"adapter": "ht", "num_seeds": 1, "f1": 60.007573981569976}
{"adapter": "ht", "num_seeds": 1, "f1": 60.007573981569976}
{"adapter": "lv", "num_seeds": 1, "f1": 59.921244197178524}
{"adapter": "lv", "num_seeds": 1, "f1": 59.921244197178524}
{"adapter": "is", "num_seeds": 1, "f1": 59.23290477345624}
{"adapter": "is", "num_seeds": 1, "f1": 59.23290477345624}
{"adapter": "ja", "num_seeds": 1, "f1": 59.141304347826086}
{"adapter": "ja", "num_seeds": 1, "f1": 59.141304347826086}
{"adapter": "ru", "num_seeds": 1, "f1": 58.92922592814425}
{"adapter": "ru", "num_seeds": 1, "f1": 58.92922592814425}
{"adapter": "hi", "num_seeds": 1, "f1": 58.924878771186826}
{"adapter": "hi", "num_seeds": 1, "f1": 58.924878771186826}
{"adapter": "tk", "num_seeds": 1, "f1": 58.88956856536289}
{"adapter": "tk", "num_seeds": 1, "f1": 58.88956856536289}
{"adapter": "ilo", "num_seeds": 1, "f1": 58.738086881395276}
{"adapter": "ilo", "num_seeds": 1, "f1": 58.738086881395276}
{"adapter": "mhr", "num_seeds": 1, "f1": 58.60071180790197}
{"adapter": "mhr", "num_seeds": 1, "f1": 58.60071180790197}
{"adapter": "qu", "num_seeds": 1, "f1": 58.50304391940861}
{"adapter": "qu", "num_seeds": 1, "f1": 58.50304391940861}
{"adapter": "bxr", "num_seeds": 1, "f1": 58.327885523352954}
{"adapter": "bxr", "num_seeds": 1, "f1": 58.327885523352954}
{"adapter": "sw", "num_seeds": 1, "f1": 57.90892453051326}
{"adapter": "sw", "num_seeds": 1, "f1": 57.90892453051326}
{"adapter": "mi", "num_seeds": 1, "f1": 57.2539651177411}
{"adapter": "mi", "num_seeds": 1, "f1": 57.2539651177411}
{"adapter": "myv", "num_seeds": 1, "f1": 56.953235753564435}
{"adapter": "myv", "num_seeds": 1, "f1": 56.953235753564435}
{"adapter": "kv", "num_seeds": 1, "f1": 56.466292539031585}
{"adapter": "kv", "num_seeds": 1, "f1": 56.466292539031585}
{"adapter": "ko", "num_seeds": 1, "f1": 56.09269738614928}
{"adapter": "ko", "num_seeds": 1, "f1": 56.09269738614928}
{"adapter": "xmf", "num_seeds": 1, "f1": 56.01525262154432}
{"adapter": "xmf", "num_seeds": 1, "f1": 56.01525262154432}
{"adapter": "et", "num_seeds": 1, "f1": 55.30582397961472}
{"adapter": "et", "num_seeds": 1, "f1": 55.30582397961472}
{"adapter": "se", "num_seeds": 1, "f1": 54.76992345790184}
{"adapter": "se", "num_seeds": 1, "f1": 54.76992345790184}
{"adapter": "wo", "num_seeds": 1, "f1": 52.66111529834821}
{"adapter": "wo", "num_seeds": 1, "f1": 52.66111529834821}
